Year,country,Gallons
1995,AF,0.0
1996,AF,0.0
1997,AF,0.0
1998,AF,0.0
1999,AF,0.0
2000,AF,0.0
2001,AF,0.0
2002,AF,0.0
2003,AF,0.0
2004,AF,0.0
2005,AF,0.0
2006,AF,0.0
2007,AF,0.0
2008,AF,0.0
2009,AF,0.0
2010,AF,0.0
2011,AF,0.0
2012,AF,0.0
2013,AF,0.0
2014,AF,0.0
2015,AF,0.0
2016,AF,0.0
2017,AF,0.0
2018,AF,0.0
2019,AF,0.0
2020,AF,0.0
2021,AF,0.0
2022,AF,0.0
1995,AL,4464506.8
1996,AL,7740239.600000001
1997,AL,4438089.600000001
1998,AL,2773806.0
1999,AL,3354984.4
2000,AL,1954872.8
2001,AL,3751242.4
2002,AL,1743535.2
2003,AL,2430382.4
2004,AL,3698408.0
2005,AL,4517341.2
2006,AL,4490924.0
2007,AL,4702261.600000001
2008,AL,4253169.2
2009,AL,4623010.0
2010,AL,4781513.2
2011,AL,4755096.0
2012,AL,5019268.0
2013,AL,4755096.0
2014,AL,4623010.0
2015,AL,4332420.8
2016,AL,4702261.600000001
2017,AL,4464506.8
2018,AL,4041831.6
2019,AL,4940016.4
2020,AL,5072102.4
2021,AL,7793074.0
2022,AL,6023121.600000001
1995,AG,15084221.200000001
1996,AG,10355542.4
1997,AG,9430940.4
1998,AG,9510192.0
1999,AG,11148058.4
2000,AG,11200892.8
2001,AG,11095224.0
2002,AG,18492040.0
2003,AG,21662104.0
2004,AG,22454620.0
2005,AG,23775480.0
2006,AG,27738060.0
2007,AG,13736944.0
2008,AG,13208600.0
2009,AG,15533313.6
2010,AG,12548170.0
2011,AG,12680256.0
2012,AG,12997262.4
2013,AG,13155765.6
2014,AG,3328567.2
2015,AG,2536051.2
2016,AG,1743535.2
2017,AG,5996704.4
2018,AG,5098519.600000001
2019,AG,5098519.600000001
2020,AG,5098519.600000001
2021,AG,5098519.600000001
2022,AG,5098519.600000001
1995,AQ,0.0
1996,AQ,0.0
1997,AQ,0.0
1998,AQ,0.0
1999,AQ,0.0
2000,AQ,0.0
2001,AQ,0.0
2002,AQ,0.0
2003,AQ,0.0
2004,AQ,0.0
2005,AQ,0.0
2006,AQ,0.0
2007,AQ,0.0
2008,AQ,0.0
2009,AQ,0.0
2010,AQ,0.0
2011,AQ,0.0
2012,AQ,0.0
2013,AQ,0.0
2014,AQ,0.0
2015,AQ,0.0
2016,AQ,0.0
2017,AQ,0.0
2018,AQ,0.0
2019,AQ,0.0
2020,AQ,0.0
2021,AQ,0.0
2022,AQ,0.0
1995,AN,0.0
1996,AN,0.0
1997,AN,0.0
1998,AN,0.0
1999,AN,0.0
2000,AN,0.0
2001,AN,0.0
2002,AN,0.0
2003,AN,0.0
2004,AN,0.0
2005,AN,0.0
2006,AN,0.0
2007,AN,0.0
2008,AN,0.0
2009,AN,0.0
2010,AN,0.0
2011,AN,0.0
2012,AN,0.0
2013,AN,0.0
2014,AN,0.0
2015,AN,0.0
2016,AN,0.0
2017,AN,0.0
2018,AN,0.0
2019,AN,0.0
2020,AN,0.0
2021,AN,0.0
2022,AN,0.0
1995,AO,0.0
1996,AO,0.0
1997,AO,0.0
1998,AO,0.0
1999,AO,0.0
2000,AO,0.0
2001,AO,0.0
2002,AO,0.0
2003,AO,0.0
2004,AO,0.0
2005,AO,0.0
2006,AO,0.0
2007,AO,0.0
2008,AO,0.0
2009,AO,0.0
2010,AO,0.0
2011,AO,0.0
2012,AO,0.0
2013,AO,0.0
2014,AO,0.0
2015,AO,0.0
2016,AO,0.0
2017,AO,0.0
2018,AO,0.0
2019,AO,0.0
2020,AO,0.0
2021,AO,0.0
2022,AO,0.0
1995,AC,0.0
1996,AC,0.0
1997,AC,0.0
1998,AC,0.0
1999,AC,0.0
2000,AC,0.0
2001,AC,0.0
2002,AC,0.0
2003,AC,0.0
2004,AC,0.0
2005,AC,0.0
2006,AC,0.0
2007,AC,0.0
2008,AC,0.0
2009,AC,0.0
2010,AC,0.0
2011,AC,0.0
2012,AC,0.0
2013,AC,0.0
2014,AC,0.0
2015,AC,0.0
2016,AC,0.0
2017,AC,0.0
2018,AC,0.0
2019,AC,0.0
2020,AC,0.0
2021,AC,0.0
2022,AC,0.0
1995,AR,434378019.6
1996,AR,334996513.2
1997,AR,356632200.0
1998,AR,334785175.6
1999,AR,419716473.6
2000,AR,331192436.40000004
2001,AR,418316362.0
2002,AR,335366354.0
2003,AR,349367470.0
2004,AR,408515580.8
2005,AR,402122618.40000004
2006,AR,406719211.2
2007,AR,397473191.2
2008,AR,387698827.2
2009,AR,320572722.0
2010,AR,429279500.0
2011,AR,408753335.6
2012,AR,311141781.6
2013,AR,395835324.8
2014,AR,401462188.40000004
2015,AR,352986626.40000004
2016,AR,249563288.4
2017,AR,312277721.2
2018,AR,383630578.40000004
2019,AR,343925526.8
2020,AR,285200091.2
2021,AR,329739490.40000004
2022,AR,302503357.2
2023,AR,232814783.6
1995,AM,2747388.8000000003
1996,AM,2060541.6
1997,AM,1294442.8
1998,AM,634012.8
1999,AM,1479363.2
2000,AM,1109522.4000000001
2001,AM,1849204.0
2002,AM,1215191.2
2003,AM,713264.4
2004,AM,1796369.6
2005,AM,1928455.6
2006,AM,1162356.8
2007,AM,1109522.4000000001
2008,AM,1003853.6
2009,AM,1241608.4000000001
2010,AM,1558614.8
2011,AM,1637866.4000000001
2012,AM,1532197.6
2013,AM,1690700.8
2014,AM,1796369.6
2015,AM,1743535.2
2016,AM,1981290.0
2017,AM,2562468.4
2018,AM,2536051.2
2019,AM,3249315.6
2020,AM,2905892.0
2021,AM,3619156.4
2022,AM,3328567.2
2023,AM,3724825.2
1995,AA,0.0
1996,AA,0.0
1997,AA,0.0
1998,AA,0.0
1999,AA,0.0
2000,AA,0.0
2001,AA,0.0
2002,AA,0.0
2003,AA,0.0
2004,AA,0.0
2005,AA,0.0
2006,AA,0.0
2007,AA,0.0
2008,AA,0.0
2009,AA,0.0
2010,AA,0.0
2011,AA,0.0
2012,AA,0.0
2013,AA,0.0
2014,AA,0.0
2015,AA,0.0
2016,AA,0.0
2017,AA,0.0
2018,AA,0.0
2019,AA,0.0
2020,AA,0.0
2021,AA,0.0
2022,AA,0.0
1995,AS,132825681.60000001
1996,AS,177893424.8
1997,AS,163099792.8
1998,AS,195883538.0
1999,AS,224836789.20000002
2000,AS,213028300.8
2001,AS,283482973.2
2002,AS,321444489.6
2003,AS,286230362.0
2004,AS,387778078.8
2005,AS,377792377.2
2006,AS,376788523.6
2007,AS,254133464.0
2008,AS,328841305.6
2009,AS,311300284.8
2010,AS,301684424.0
2011,AS,295344296.0
2012,AS,323848454.8
2013,AS,325195732.0
2014,AS,313387243.6
2015,AS,314681686.40000004
2016,AS,346065320.0
2017,AS,361651468.0
2018,AS,336555128.0
2019,AS,316213884.0
2020,AS,287947480.0
2021,AS,391502904.0
2022,AS,345272804.0
2023,AS,254661808.0
1995,AU,58883938.800000004
1996,AU,55740292.0
1997,AU,47603794.4
1998,AU,71405691.60000001
1999,AU,74047411.60000001
2000,AU,61763413.6
2001,AU,66861933.2
2002,AU,68658302.8
2003,AU,66729847.2
2004,AU,72251042.0
2005,AU,59808540.800000004
2006,AU,59597203.2
2007,AU,69424401.60000001
2008,AU,79066679.60000001
2009,AU,62133254.4
2010,AU,45886676.4
2011,AU,74338000.8
2012,AU,56136550.0
2013,AU,63189942.4
2014,AU,52807982.800000004
2015,AU,59914209.6
2016,AU,51592791.6
2017,AU,65673159.2
2018,AU,72726551.60000001
2019,AU,65118398.0
2020,AU,63348445.6
2021,AU,64986312.0
2022,AU,66756264.4
2023,AU,62397426.4
1995,AJ,1875621.2
1996,AJ,766098.8
1997,AJ,9166768.4
1998,AJ,3883328.4
1999,AJ,1241608.4000000001
2000,AJ,2034124.4000000001
2001,AJ,2007707.2
2002,AJ,1505780.4000000001
2003,AJ,1003853.6
2004,AJ,818933.2000000001
2005,AJ,1162356.8
2006,AJ,1373694.4000000001
2007,AJ,1690700.8
2008,AJ,2166210.4
2009,AJ,1902038.4000000001
2010,AJ,3090812.4
2011,AJ,2007707.2
2012,AJ,2800223.2
2013,AJ,2219044.8000000003
2014,AJ,2641720.0
2015,AJ,2747388.8000000003
2016,AJ,2773806.0
2017,AJ,2985143.6
2018,AJ,4147500.4
2019,AJ,2324713.6
2020,AJ,2377548.0
2021,AJ,2668137.2
2022,AJ,3090812.4
1995,BF,0.0
1996,BF,0.0
1997,BF,0.0
1998,BF,0.0
1999,BF,0.0
2000,BF,0.0
2001,BF,0.0
2002,BF,0.0
2003,BF,0.0
2004,BF,0.0
2005,BF,0.0
2006,BF,0.0
2007,BF,0.0
2008,BF,0.0
2009,BF,0.0
2010,BF,0.0
2011,BF,0.0
2012,BF,0.0
2013,BF,0.0
2014,BF,0.0
2015,BF,0.0
2016,BF,0.0
2017,BF,0.0
2018,BF,0.0
2019,BF,0.0
2020,BF,0.0
2021,BF,0.0
2022,BF,0.0
1995,BA,0.0
1996,BA,0.0
1997,BA,0.0
1998,BA,0.0
1999,BA,0.0
2000,BA,0.0
2001,BA,0.0
2002,BA,0.0
2003,BA,0.0
2004,BA,0.0
2005,BA,0.0
2006,BA,0.0
2007,BA,0.0
2008,BA,0.0
2009,BA,0.0
2010,BA,0.0
2011,BA,0.0
2012,BA,0.0
2013,BA,0.0
2014,BA,0.0
2015,BA,0.0
2016,BA,0.0
2017,BA,0.0
2018,BA,0.0
2019,BA,0.0
2020,BA,0.0
2021,BA,0.0
2022,BA,0.0
1995,BG,0.0
1996,BG,0.0
1997,BG,0.0
1998,BG,0.0
1999,BG,0.0
2000,BG,0.0
2001,BG,0.0
2002,BG,0.0
2003,BG,0.0
2004,BG,0.0
2005,BG,0.0
2006,BG,0.0
2007,BG,0.0
2008,BG,0.0
2009,BG,0.0
2010,BG,0.0
2011,BG,0.0
2012,BG,0.0
2013,BG,0.0
2014,BG,0.0
2015,BG,0.0
2016,BG,0.0
2017,BG,0.0
2018,BG,0.0
2019,BG,0.0
2020,BG,0.0
2021,BG,0.0
2022,BG,0.0
1995,BB,0.0
1996,BB,0.0
1997,BB,0.0
1998,BB,0.0
1999,BB,0.0
2000,BB,0.0
2001,BB,0.0
2002,BB,0.0
2003,BB,0.0
2004,BB,0.0
2005,BB,0.0
2006,BB,0.0
2007,BB,0.0
2008,BB,0.0
2009,BB,0.0
2010,BB,0.0
2011,BB,0.0
2012,BB,0.0
2013,BB,0.0
2014,BB,0.0
2015,BB,0.0
2016,BB,0.0
2017,BB,0.0
2018,BB,0.0
2019,BB,0.0
2020,BB,0.0
2021,BB,0.0
2022,BB,0.0
1995,BO,2694554.4
1996,BO,4940016.4
1997,BO,5283440.0
1998,BO,5019268.0
1999,BO,1849204.0
2000,BO,2562468.4
2001,BO,2615302.8000000003
2002,BO,1981290.0
2003,BO,3090812.4
2004,BO,4226752.0
2005,BO,4358838.0
2006,BO,3275732.8000000003
2007,BO,5283440.0
2008,BO,6789220.4
2009,BO,5547612.0
2010,BO,6630717.2
2011,BO,7079809.600000001
2012,BO,7185478.4
2013,BO,7449650.4
2014,BO,7925160.0
2015,BO,7581736.4
2016,BO,7238312.8
2017,BO,8189332.0
2018,BO,8453504.0
2019,BO,8981848.0
2020,BO,8030828.8
2021,BO,8030828.8
2022,BO,8030828.8
1995,BE,26417.2
1996,BE,26417.2
1997,BE,26417.2
1998,BE,26417.2
1999,BE,52834.4
2000,BE,52834.4
2001,BE,52834.4
2002,BE,52834.4
2003,BE,52834.4
2004,BE,52834.4
2005,BE,26417.2
2006,BE,52834.4
2007,BE,52834.4
2008,BE,158503.2
2009,BE,158503.2
2010,BE,132086.0
2011,BE,132086.0
2012,BE,79251.6
2013,BE,158503.2
2014,BE,184920.4
2015,BE,264172.0
2016,BE,211337.6
2017,BE,237754.80000000002
2018,BE,528344.0
2019,BE,396258.0
2020,BE,475509.60000000003
2021,BE,343423.60000000003
2022,BE,792516.0
2023,BE,898184.8
1995,BH,0.0
1996,BH,0.0
1997,BH,0.0
1998,BH,0.0
1999,BH,0.0
2000,BH,0.0
2001,BH,0.0
2002,BH,0.0
2003,BH,0.0
2004,BH,0.0
2005,BH,0.0
2006,BH,0.0
2007,BH,0.0
2008,BH,0.0
2009,BH,0.0
2010,BH,0.0
2011,BH,0.0
2012,BH,0.0
2013,BH,0.0
2014,BH,0.0
2015,BH,0.0
2016,BH,0.0
2017,BH,0.0
2018,BH,0.0
2019,BH,0.0
2020,BH,0.0
2021,BH,0.0
2022,BH,0.0
1995,BN,0.0
1996,BN,0.0
1997,BN,0.0
1998,BN,0.0
1999,BN,0.0
2000,BN,0.0
2001,BN,0.0
2002,BN,0.0
2003,BN,0.0
2004,BN,0.0
2005,BN,0.0
2006,BN,0.0
2007,BN,0.0
2008,BN,0.0
2009,BN,0.0
2010,BN,0.0
2011,BN,0.0
2012,BN,0.0
2013,BN,0.0
2014,BN,0.0
2015,BN,0.0
2016,BN,0.0
2017,BN,0.0
2018,BN,0.0
2019,BN,0.0
2020,BN,0.0
2021,BN,0.0
2022,BN,0.0
1995,BD,0.0
1996,BD,0.0
1997,BD,0.0
1998,BD,0.0
1999,BD,0.0
2000,BD,0.0
2001,BD,0.0
2002,BD,0.0
2003,BD,0.0
2004,BD,0.0
2005,BD,0.0
2006,BD,0.0
2007,BD,0.0
2008,BD,0.0
2009,BD,0.0
2010,BD,0.0
2011,BD,0.0
2012,BD,0.0
2013,BD,0.0
2014,BD,0.0
2015,BD,0.0
2016,BD,0.0
2017,BD,0.0
2018,BD,0.0
2019,BD,0.0
2020,BD,0.0
2021,BD,0.0
2022,BD,0.0
1995,BT,0.0
1996,BT,0.0
1997,BT,0.0
1998,BT,0.0
1999,BT,0.0
2000,BT,0.0
2001,BT,0.0
2002,BT,0.0
2003,BT,0.0
2004,BT,0.0
2005,BT,0.0
2006,BT,0.0
2007,BT,0.0
2008,BT,0.0
2009,BT,0.0
2010,BT,0.0
2011,BT,0.0
2012,BT,0.0
2013,BT,0.0
2014,BT,0.0
2015,BT,0.0
2016,BT,0.0
2017,BT,0.0
2018,BT,0.0
2019,BT,0.0
2020,BT,0.0
2021,BT,0.0
2022,BT,0.0
1995,BL,528344.0
1996,BL,528344.0
1997,BL,528344.0
1998,BL,528344.0
1999,BL,528344.0
2000,BL,528344.0
2001,BL,528344.0
2002,BL,528344.0
2003,BL,1162356.8
2004,BL,1875621.2
2005,BL,1902038.4000000001
2006,BL,1928455.6
2007,BL,1954872.8
2008,BL,2034124.4000000001
2009,BL,1849204.0
2010,BL,1954872.8
2011,BL,1954872.8
2012,BL,2113376.0
2013,BL,2192627.6
2014,BL,1452946.0
2015,BL,2192627.6
2016,BL,2192627.6
2017,BL,2219044.8000000003
2018,BL,1769952.4000000001
2019,BL,2219044.8000000003
2020,BL,2219044.8000000003
2021,BL,2219044.8000000003
2022,BL,2219044.8000000003
1995,BK,898184.8
1996,BK,1241608.4000000001
1997,BK,237754.80000000002
1998,BK,1822786.8
1999,BK,1532197.6
2000,BK,1268025.6
2001,BK,1452946.0
2002,BK,1981290.0
2003,BK,2403965.2
2004,BK,1585032.0
2005,BK,1320860.0
2006,BK,713264.4
2007,BK,1215191.2
2008,BK,1215191.2
2009,BK,977436.4
2010,BK,1188774.0
2011,BK,898184.8
2012,BK,818933.2000000001
2013,BK,1109522.4000000001
2014,BK,1981290.0
2015,BK,1426528.8
2016,BK,1215191.2
2017,BK,1452946.0
2018,BK,1585032.0
2019,BK,1585032.0
2020,BK,1822786.8
2021,BK,1822786.8
2022,BK,1822786.8
1995,BC,0.0
1996,BC,0.0
1997,BC,0.0
1998,BC,0.0
1999,BC,0.0
2000,BC,0.0
2001,BC,0.0
2002,BC,0.0
2003,BC,0.0
2004,BC,0.0
2005,BC,0.0
2006,BC,0.0
2007,BC,0.0
2008,BC,0.0
2009,BC,0.0
2010,BC,0.0
2011,BC,0.0
2012,BC,0.0
2013,BC,0.0
2014,BC,0.0
2015,BC,0.0
2016,BC,0.0
2017,BC,0.0
2018,BC,0.0
2019,BC,0.0
2020,BC,0.0
2021,BC,0.0
2022,BC,0.0
1995,BR,82633001.60000001
1996,BR,61287904.0
1997,BR,72462379.60000001
1998,BR,73492650.4
1999,BR,82315995.2
2000,BR,96105773.60000001
2001,BR,78406249.60000001
2002,BR,84852046.4
2003,BR,69213064.0
2004,BR,103687510.0
2005,BR,84508622.8
2006,BR,62661598.4
2007,BR,92513034.4
2008,BR,97294547.60000001
2009,BR,71854784.0
2010,BR,64959894.800000004
2011,BR,91403512.0
2012,BR,78379832.4
2013,BR,71590612.0
2014,BR,74232332.0
2015,BR,71300022.8
2016,BR,33206420.400000002
2017,BR,93860311.60000001
2018,BR,81470644.8
2019,BR,57483827.2
2020,BR,59623620.4
2021,BR,77349561.60000001
2022,BR,84535040.0
2023,BR,94758496.4
1995,BX,0.0
1996,BX,0.0
1997,BX,0.0
1998,BX,0.0
1999,BX,0.0
2000,BX,0.0
2001,BX,0.0
2002,BX,0.0
2003,BX,0.0
2004,BX,0.0
2005,BX,0.0
2006,BX,0.0
2007,BX,0.0
2008,BX,0.0
2009,BX,0.0
2010,BX,0.0
2011,BX,0.0
2012,BX,0.0
2013,BX,0.0
2014,BX,0.0
2015,BX,0.0
2016,BX,0.0
2017,BX,0.0
2018,BX,0.0
2019,BX,0.0
2020,BX,0.0
2021,BX,0.0
2022,BX,0.0
1995,BU,69767825.2
1996,BU,93358384.8
1997,BU,89052381.2
1998,BU,56242218.800000004
1999,BU,45305498.0
2000,BU,87308846.0
2001,BU,59702872.0
2002,BU,52358890.4
2003,BU,61129400.800000004
2004,BU,51487122.800000004
2005,BU,45120577.6
2006,BU,46415020.4
2007,BU,47445291.2
2008,BU,42716612.4
2009,BU,32915831.2
2010,BU,27209716.0
2011,BU,29006085.6
2012,BU,35319796.4
2013,BU,46362186.0
2014,BU,22005527.6
2015,BU,36112312.4
2016,BU,32889414.0
2017,BU,30564700.400000002
2018,BU,28636244.8
2019,BU,24250989.6
2020,BU,22454620.0
2021,BU,23590559.6
2022,BU,20975256.8
2023,BU,22454620.0
1995,UV,0.0
1996,UV,0.0
1997,UV,0.0
1998,UV,0.0
1999,UV,0.0
2000,UV,0.0
2001,UV,0.0
2002,UV,0.0
2003,UV,0.0
2004,UV,0.0
2005,UV,0.0
2006,UV,0.0
2007,UV,0.0
2008,UV,0.0
2009,UV,0.0
2010,UV,0.0
2011,UV,0.0
2012,UV,0.0
2013,UV,0.0
2014,UV,0.0
2015,UV,0.0
2016,UV,0.0
2017,UV,0.0
2018,UV,0.0
2019,UV,0.0
2020,UV,0.0
2021,UV,0.0
2022,UV,0.0
1995,BY,0.0
1996,BY,0.0
1997,BY,0.0
1998,BY,0.0
1999,BY,0.0
2000,BY,0.0
2001,BY,0.0
2002,BY,0.0
2003,BY,0.0
2004,BY,0.0
2005,BY,0.0
2006,BY,0.0
2007,BY,0.0
2008,BY,0.0
2009,BY,0.0
2010,BY,0.0
2011,BY,0.0
2012,BY,0.0
2013,BY,0.0
2014,BY,0.0
2015,BY,0.0
2016,BY,0.0
2017,BY,0.0
2018,BY,0.0
2019,BY,0.0
2020,BY,0.0
2021,BY,0.0
2022,BY,0.0
1995,CV,0.0
1996,CV,0.0
1997,CV,0.0
1998,CV,0.0
1999,CV,0.0
2000,CV,0.0
2001,CV,0.0
2002,CV,0.0
2003,CV,0.0
2004,CV,0.0
2005,CV,0.0
2006,CV,0.0
2007,CV,0.0
2008,CV,0.0
2009,CV,0.0
2010,CV,0.0
2011,CV,0.0
2012,CV,0.0
2013,CV,0.0
2014,CV,0.0
2015,CV,0.0
2016,CV,0.0
2017,CV,0.0
2018,CV,0.0
2019,CV,0.0
2020,CV,0.0
2021,CV,0.0
2022,CV,0.0
1995,CB,0.0
1996,CB,0.0
1997,CB,0.0
1998,CB,0.0
1999,CB,0.0
2000,CB,0.0
2001,CB,0.0
2002,CB,0.0
2003,CB,0.0
2004,CB,0.0
2005,CB,0.0
2006,CB,0.0
2007,CB,0.0
2008,CB,0.0
2009,CB,0.0
2010,CB,0.0
2011,CB,0.0
2012,CB,0.0
2013,CB,0.0
2014,CB,0.0
2015,CB,0.0
2016,CB,0.0
2017,CB,0.0
2018,CB,0.0
2019,CB,0.0
2020,CB,0.0
2021,CB,0.0
2022,CB,0.0
1995,CM,0.0
1996,CM,0.0
1997,CM,0.0
1998,CM,0.0
1999,CM,0.0
2000,CM,0.0
2001,CM,0.0
2002,CM,0.0
2003,CM,0.0
2004,CM,0.0
2005,CM,0.0
2006,CM,0.0
2007,CM,0.0
2008,CM,0.0
2009,CM,0.0
2010,CM,0.0
2011,CM,0.0
2012,CM,0.0
2013,CM,0.0
2014,CM,0.0
2015,CM,0.0
2016,CM,0.0
2017,CM,0.0
2018,CM,0.0
2019,CM,0.0
2020,CM,0.0
2021,CM,0.0
2022,CM,0.0
1995,CA,9378106.0
1996,CA,8796927.6
1997,CA,9087516.8
1998,CA,10461211.200000001
1999,CA,13525606.4
2000,CA,11306561.6
2001,CA,11755654.0
2002,CA,12389666.8
2003,CA,9483774.8
2004,CA,13789778.4
2005,CA,7687405.2
2006,CA,13921864.4
2007,CA,13261434.4
2008,CA,14344539.6
2009,CA,11993408.8
2010,CA,13393520.4
2011,CA,16220160.8
2012,CA,16378664.0
2013,CA,18412788.400000002
2014,CA,15374810.4
2015,CA,15797485.6
2016,CA,16854173.6
2017,CA,18597708.8
2018,CA,18571291.6
2019,CA,18412788.400000002
2020,CA,17329683.2
2021,CA,17329683.2
2022,CA,17329683.2
1995,CJ,0.0
1996,CJ,0.0
1997,CJ,0.0
1998,CJ,0.0
1999,CJ,0.0
2000,CJ,0.0
2001,CJ,0.0
2002,CJ,0.0
2003,CJ,0.0
2004,CJ,0.0
2005,CJ,0.0
2006,CJ,0.0
2007,CJ,0.0
2008,CJ,0.0
2009,CJ,0.0
2010,CJ,0.0
2011,CJ,0.0
2012,CJ,0.0
2013,CJ,0.0
2014,CJ,0.0
2015,CJ,0.0
2016,CJ,0.0
2017,CJ,0.0
2018,CJ,0.0
2019,CJ,0.0
2020,CJ,0.0
2021,CJ,0.0
2022,CJ,0.0
1995,CT,0.0
1996,CT,0.0
1997,CT,0.0
1998,CT,0.0
1999,CT,0.0
2000,CT,0.0
2001,CT,0.0
2002,CT,0.0
2003,CT,0.0
2004,CT,0.0
2005,CT,0.0
2006,CT,0.0
2007,CT,0.0
2008,CT,0.0
2009,CT,0.0
2010,CT,0.0
2011,CT,0.0
2012,CT,0.0
2013,CT,0.0
2014,CT,0.0
2015,CT,0.0
2016,CT,0.0
2017,CT,0.0
2018,CT,0.0
2019,CT,0.0
2020,CT,0.0
2021,CT,0.0
2022,CT,0.0
1995,CD,0.0
1996,CD,0.0
1997,CD,0.0
1998,CD,0.0
1999,CD,0.0
2000,CD,0.0
2001,CD,0.0
2002,CD,0.0
2003,CD,0.0
2004,CD,0.0
2005,CD,0.0
2006,CD,0.0
2007,CD,0.0
2008,CD,0.0
2009,CD,0.0
2010,CD,0.0
2011,CD,0.0
2012,CD,0.0
2013,CD,0.0
2014,CD,0.0
2015,CD,0.0
2016,CD,0.0
2017,CD,0.0
2018,CD,0.0
2019,CD,0.0
2020,CD,0.0
2021,CD,0.0
2022,CD,0.0
1995,CI,83584020.8
1996,CI,101019372.8
1997,CI,120171842.8
1998,CI,144634170.0
1999,CI,126987480.4
2000,CI,176308392.8
2001,CI,144026574.4
2002,CI,148543915.6
2003,CI,176519730.4
2004,CI,166454777.20000002
2005,CI,208299622.0
2006,CI,223172505.6
2007,CI,217334304.4
2008,CI,229380547.6
2009,CI,266628799.6
2010,CI,233633716.8
2011,CI,276429580.8
2012,CI,331641528.8
2013,CI,338694921.2
2014,CI,261424611.20000002
2015,CI,339883695.2
2016,CI,267949659.6
2017,CI,250752062.4
2018,CI,340729045.6
2019,CI,315394950.8
2020,CI,273074596.40000004
2021,CI,354967916.40000004
2022,CI,328709219.6
2023,CI,291381716.0
1995,HK,0.0
1996,HK,0.0
1997,HK,0.0
1998,HK,0.0
1999,HK,0.0
2000,HK,0.0
2001,HK,0.0
2002,HK,0.0
2003,HK,0.0
2004,HK,0.0
2005,HK,0.0
2006,HK,0.0
2007,HK,0.0
2008,HK,0.0
2009,HK,0.0
2010,HK,0.0
2011,HK,0.0
2012,HK,0.0
2013,HK,0.0
2014,HK,0.0
2015,HK,0.0
2016,HK,0.0
2017,HK,0.0
2018,HK,0.0
2019,HK,0.0
2020,HK,0.0
2021,HK,0.0
2022,HK,0.0
1995,MC,0.0
1996,MC,0.0
1997,MC,0.0
1998,MC,0.0
1999,MC,0.0
2000,MC,0.0
2001,MC,0.0
2002,MC,0.0
2003,MC,0.0
2004,MC,0.0
2005,MC,0.0
2006,MC,0.0
2007,MC,0.0
2008,MC,0.0
2009,MC,0.0
2010,MC,0.0
2011,MC,0.0
2012,MC,0.0
2013,MC,0.0
2014,MC,0.0
2015,MC,0.0
2016,MC,0.0
2017,MC,0.0
2018,MC,0.0
2019,MC,0.0
2020,MC,0.0
2021,MC,0.0
2022,MC,0.0
1995,CH,184920400.0
1996,CH,198129000.0
1997,CH,237754800.0
1998,CH,281211094.0
1999,CH,271066889.2
2000,CH,277380600.0
2001,CH,285305760.0
2002,CH,295872640.0
2003,CH,306439520.0
2004,CH,309081240.0
2005,CH,311722960.0
2006,CH,314364680.0
2007,CH,330215000.0
2008,CH,332856720.0
2009,CH,338140160.0
2010,CH,343423600.0
2011,CH,354677327.2
2012,CH,424392318.0
2013,CH,361730719.6
2014,CH,356526531.2
2015,CH,352537534.0
2016,CH,349156132.40000004
2017,CH,307390539.2
2018,CH,244861026.8
2019,CH,206688172.8
2020,CH,174010096.4
2021,CH,156072817.6
2022,CH,124874104.4
2023,CH,83663272.4
1995,TW,0.0
1996,TW,0.0
1997,TW,0.0
1998,TW,0.0
1999,TW,0.0
2000,TW,0.0
2001,TW,0.0
2002,TW,0.0
2003,TW,0.0
2004,TW,0.0
2005,TW,0.0
2006,TW,0.0
2007,TW,0.0
2008,TW,0.0
2009,TW,0.0
2010,TW,0.0
2011,TW,0.0
2012,TW,0.0
2013,TW,0.0
2014,TW,0.0
2015,TW,0.0
2016,TW,0.0
2017,TW,0.0
2018,TW,0.0
2019,TW,0.0
2020,TW,0.0
2021,TW,0.0
2022,TW,0.0
1995,CO,0.0
1996,CO,0.0
1997,CO,0.0
1998,CO,0.0
1999,CO,0.0
2000,CO,0.0
2001,CO,0.0
2002,CO,0.0
2003,CO,0.0
2004,CO,0.0
2005,CO,0.0
2006,CO,0.0
2007,CO,0.0
2008,CO,0.0
2009,CO,0.0
2010,CO,0.0
2011,CO,0.0
2012,CO,0.0
2013,CO,0.0
2014,CO,0.0
2015,CO,0.0
2016,CO,0.0
2017,CO,0.0
2018,CO,0.0
2019,CO,0.0
2020,CO,0.0
2021,CO,0.0
2022,CO,0.0
1995,CN,0.0
1996,CN,0.0
1997,CN,0.0
1998,CN,0.0
1999,CN,0.0
2000,CN,0.0
2001,CN,0.0
2002,CN,0.0
2003,CN,0.0
2004,CN,0.0
2005,CN,0.0
2006,CN,0.0
2007,CN,0.0
2008,CN,0.0
2009,CN,0.0
2010,CN,0.0
2011,CN,0.0
2012,CN,0.0
2013,CN,0.0
2014,CN,0.0
2015,CN,0.0
2016,CN,0.0
2017,CN,0.0
2018,CN,0.0
2019,CN,0.0
2020,CN,0.0
2021,CN,0.0
2022,CN,0.0
1995,CF,0.0
1996,CF,0.0
1997,CF,0.0
1998,CF,0.0
1999,CF,0.0
2000,CF,0.0
2001,CF,0.0
2002,CF,0.0
2003,CF,0.0
2004,CF,0.0
2005,CF,0.0
2006,CF,0.0
2007,CF,0.0
2008,CF,0.0
2009,CF,0.0
2010,CF,0.0
2011,CF,0.0
2012,CF,0.0
2013,CF,0.0
2014,CF,0.0
2015,CF,0.0
2016,CF,0.0
2017,CF,0.0
2018,CF,0.0
2019,CF,0.0
2020,CF,0.0
2021,CF,0.0
2022,CF,0.0
1995,CG,0.0
1996,CG,0.0
1997,CG,0.0
1998,CG,0.0
1999,CG,0.0
2000,CG,0.0
2001,CG,0.0
2002,CG,0.0
2003,CG,0.0
2004,CG,0.0
2005,CG,0.0
2006,CG,0.0
2007,CG,0.0
2008,CG,0.0
2009,CG,0.0
2010,CG,0.0
2011,CG,0.0
2012,CG,0.0
2013,CG,0.0
2014,CG,0.0
2015,CG,0.0
2016,CG,0.0
2017,CG,0.0
2018,CG,0.0
2019,CG,0.0
2020,CG,0.0
2021,CG,0.0
2022,CG,0.0
1995,CW,0.0
1996,CW,0.0
1997,CW,0.0
1998,CW,0.0
1999,CW,0.0
2000,CW,0.0
2001,CW,0.0
2002,CW,0.0
2003,CW,0.0
2004,CW,0.0
2005,CW,0.0
2006,CW,0.0
2007,CW,0.0
2008,CW,0.0
2009,CW,0.0
2010,CW,0.0
2011,CW,0.0
2012,CW,0.0
2013,CW,0.0
2014,CW,0.0
2015,CW,0.0
2016,CW,0.0
2017,CW,0.0
2018,CW,0.0
2019,CW,0.0
2020,CW,0.0
2021,CW,0.0
2022,CW,0.0
1995,CS,0.0
1996,CS,0.0
1997,CS,0.0
1998,CS,0.0
1999,CS,0.0
2000,CS,0.0
2001,CS,0.0
2002,CS,0.0
2003,CS,0.0
2004,CS,0.0
2005,CS,0.0
2006,CS,0.0
2007,CS,0.0
2008,CS,0.0
2009,CS,0.0
2010,CS,0.0
2011,CS,0.0
2012,CS,0.0
2013,CS,0.0
2014,CS,0.0
2015,CS,0.0
2016,CS,0.0
2017,CS,0.0
2018,CS,0.0
2019,CS,0.0
2020,CS,0.0
2021,CS,0.0
2022,CS,0.0
1995,IV,0.0
1996,IV,0.0
1997,IV,0.0
1998,IV,0.0
1999,IV,0.0
2000,IV,0.0
2001,IV,0.0
2002,IV,0.0
2003,IV,0.0
2004,IV,0.0
2005,IV,0.0
2006,IV,0.0
2007,IV,0.0
2008,IV,0.0
2009,IV,0.0
2010,IV,0.0
2011,IV,0.0
2012,IV,0.0
2013,IV,0.0
2014,IV,0.0
2015,IV,0.0
2016,IV,0.0
2017,IV,0.0
2018,IV,0.0
2019,IV,0.0
2020,IV,0.0
2021,IV,0.0
2022,IV,0.0
1995,HR,47154702.0
1996,HR,51724877.6
1997,HR,59702872.0
1998,HR,60151964.4
1999,HR,55317616.800000004
2000,HR,49954925.2
2001,HR,51539957.2
2002,HR,55344034.0
2003,HR,46705609.6
2004,HR,31806308.8
2005,HR,32968665.6
2006,HR,32678076.400000002
2007,HR,36059478.0
2008,HR,33708347.2
2009,HR,37618092.800000004
2010,HR,37855847.6
2011,HR,37221834.800000004
2012,HR,34157439.6
2013,HR,32968665.6
2014,HR,22243282.400000002
2015,HR,26205862.400000002
2016,HR,20077072.0
2017,HR,19178887.2
2018,HR,25149174.400000002
2019,HR,18597708.8
2020,HR,21133760.0
2021,HR,20209158.0
2022,HR,19178887.2
2023,HR,11253727.200000001
1995,CU,0.0
1996,CU,0.0
1997,CU,0.0
1998,CU,0.0
1999,CU,3909745.6
2000,CU,4121083.2
2001,CU,3724825.2
2002,CU,2853057.6
2003,CU,2905892.0
2004,CU,2615302.8000000003
2005,CU,2509634.0
2006,CU,2483216.8000000003
2007,CU,2694554.4
2008,CU,2800223.2
2009,CU,2747388.8000000003
2010,CU,2853057.6
2011,CU,3011560.8000000003
2012,CU,3275732.8000000003
2013,CU,3064395.2
2014,CU,3302150.0
2015,CU,3037978.0
2016,CU,3090812.4
2017,CU,3170064.0
2018,CU,3011560.8000000003
2019,CU,2800223.2
2020,CU,3804076.8000000003
2021,CU,3460653.2
2022,CU,3460653.2
1995,CY,14661546.0
1996,CY,14767214.8
1997,CY,14106784.8
1998,CY,18756212.0
1999,CY,14661546.0
2000,CY,15057804.0
2001,CY,13287851.6
2002,CY,6340128.0
2003,CY,10170622.0
2004,CY,10672548.8
2005,CY,5204188.4
2006,CY,4834347.600000001
2007,CY,4464506.8
2008,CY,3883328.4
2009,CY,3830494.0
2010,CY,3011560.8000000003
2011,CY,2245462.0
2012,CY,2958726.4
2013,CY,2483216.8000000003
2014,CY,2271879.2
2015,CY,2403965.2
2016,CY,1822786.8
2017,CY,2615302.8000000003
2018,CY,2879474.8000000003
2019,CY,2641720.0
2020,CY,2351130.8000000003
2021,CY,1796369.6
2022,CY,2853057.6
2023,CY,2562468.4
1995,EZ,12125494.8
1996,EZ,13631275.200000001
1997,EZ,10698966.0
1998,EZ,14793632.0
1999,EZ,14872883.6
2000,EZ,13869030.0
2001,EZ,13684109.6
2002,EZ,13076514.0
2003,EZ,13472772.0
2004,EZ,14265288.0
2005,EZ,11517899.200000001
2006,EZ,11412230.4
2007,EZ,21662104.0
2008,EZ,22190448.0
2009,EZ,15057804.0
2010,EZ,14899300.8
2011,EZ,17171180.0
2012,EZ,12416084.0
2013,EZ,13235017.200000001
2014,EZ,14159619.200000001
2015,EZ,21635686.8
2016,EZ,16669253.200000001
2017,EZ,17039094.0
2018,EZ,18254285.2
2019,EZ,12997262.4
2020,EZ,15929571.6
2021,EZ,15638982.4
2022,EZ,15480479.200000001
2023,EZ,12601004.4
2010,DA,0.0
2011,DA,0.0
2012,DA,0.0
2013,DA,0.0
2014,DA,0.0
2015,DA,290589.2
2016,DA,26417.2
2017,DA,26417.2
2018,DA,26417.2
2019,DA,26417.2
2020,DA,26417.2
2021,DA,26417.2
2022,DA,26417.2
1995,DJ,0.0
1996,DJ,0.0
1997,DJ,0.0
1998,DJ,0.0
1999,DJ,0.0
2000,DJ,0.0
2001,DJ,0.0
2002,DJ,0.0
2003,DJ,0.0
2004,DJ,0.0
2005,DJ,0.0
2006,DJ,0.0
2007,DJ,0.0
2008,DJ,0.0
2009,DJ,0.0
2010,DJ,0.0
2011,DJ,0.0
2012,DJ,0.0
2013,DJ,0.0
2014,DJ,0.0
2015,DJ,0.0
2016,DJ,0.0
2017,DJ,0.0
2018,DJ,0.0
2019,DJ,0.0
2020,DJ,0.0
2021,DJ,0.0
2022,DJ,0.0
1995,DO,0.0
1996,DO,0.0
1997,DO,0.0
1998,DO,0.0
1999,DO,0.0
2000,DO,0.0
2001,DO,0.0
2002,DO,0.0
2003,DO,0.0
2004,DO,0.0
2005,DO,0.0
2006,DO,0.0
2007,DO,0.0
2008,DO,0.0
2009,DO,0.0
2010,DO,0.0
2011,DO,0.0
2012,DO,0.0
2013,DO,0.0
2014,DO,0.0
2015,DO,0.0
2016,DO,0.0
2017,DO,0.0
2018,DO,0.0
2019,DO,0.0
2020,DO,0.0
2021,DO,0.0
2022,DO,0.0
1995,DR,0.0
1996,DR,0.0
1997,DR,0.0
1998,DR,0.0
1999,DR,0.0
2000,DR,0.0
2001,DR,0.0
2002,DR,0.0
2003,DR,0.0
2004,DR,0.0
2005,DR,0.0
2006,DR,0.0
2007,DR,0.0
2008,DR,0.0
2009,DR,0.0
2010,DR,0.0
2011,DR,0.0
2012,DR,0.0
2013,DR,0.0
2014,DR,0.0
2015,DR,0.0
2016,DR,0.0
2017,DR,0.0
2018,DR,0.0
2019,DR,0.0
2020,DR,0.0
2021,DR,0.0
2022,DR,0.0
1995,EC,0.0
1996,EC,0.0
1997,EC,0.0
1998,EC,0.0
1999,EC,0.0
2000,EC,0.0
2001,EC,0.0
2002,EC,0.0
2003,EC,0.0
2004,EC,0.0
2005,EC,0.0
2006,EC,0.0
2007,EC,0.0
2008,EC,0.0
2009,EC,0.0
2010,EC,0.0
2011,EC,0.0
2012,EC,0.0
2013,EC,0.0
2014,EC,0.0
2015,EC,0.0
2016,EC,0.0
2017,EC,0.0
2018,EC,0.0
2019,EC,0.0
2020,EC,0.0
2021,EC,0.0
2022,EC,0.0
1995,EG,686847.2000000001
1996,EG,686847.2000000001
1997,EG,713264.4
1998,EG,713264.4
1999,EG,713264.4
2000,EG,792516.0
2001,EG,1109522.4000000001
2002,EG,1056688.0
2003,EG,1479363.2
2004,EG,1796369.6
2005,EG,1690700.8
2006,EG,1796369.6
2007,EG,2773806.0
2008,EG,3777659.6
2009,EG,3117229.6
2010,EG,1162356.8
2011,EG,1135939.6
2012,EG,1188774.0
2013,EG,1188774.0
2014,EG,1320860.0
2015,EG,1558614.8
2016,EG,1532197.6
2017,EG,1585032.0
2018,EG,1505780.4000000001
2019,EG,1426528.8
2020,EG,1400111.6
2021,EG,1400111.6
2022,EG,1400111.6
1995,ES,0.0
1996,ES,0.0
1997,ES,0.0
1998,ES,0.0
1999,ES,0.0
2000,ES,0.0
2001,ES,0.0
2002,ES,0.0
2003,ES,0.0
2004,ES,0.0
2005,ES,0.0
2006,ES,0.0
2007,ES,0.0
2008,ES,0.0
2009,ES,0.0
2010,ES,0.0
2011,ES,0.0
2012,ES,0.0
2013,ES,0.0
2014,ES,0.0
2015,ES,0.0
2016,ES,0.0
2017,ES,0.0
2018,ES,0.0
2019,ES,0.0
2020,ES,0.0
2021,ES,0.0
2022,ES,0.0
1995,EK,0.0
1996,EK,0.0
1997,EK,0.0
1998,EK,0.0
1999,EK,0.0
2000,EK,0.0
2001,EK,0.0
2002,EK,0.0
2003,EK,0.0
2004,EK,0.0
2005,EK,0.0
2006,EK,0.0
2007,EK,0.0
2008,EK,0.0
2009,EK,0.0
2010,EK,0.0
2011,EK,0.0
2012,EK,0.0
2013,EK,0.0
2014,EK,0.0
2015,EK,0.0
2016,EK,0.0
2017,EK,0.0
2018,EK,0.0
2019,EK,0.0
2020,EK,0.0
2021,EK,0.0
2022,EK,0.0
1995,ER,0.0
1996,ER,0.0
1997,ER,0.0
1998,ER,0.0
1999,ER,0.0
2000,ER,0.0
2001,ER,0.0
2002,ER,0.0
2003,ER,0.0
2004,ER,0.0
2005,ER,0.0
2006,ER,0.0
2007,ER,0.0
2008,ER,0.0
2009,ER,0.0
2010,ER,0.0
2011,ER,0.0
2012,ER,0.0
2013,ER,0.0
2014,ER,0.0
2015,ER,0.0
2016,ER,0.0
2017,ER,0.0
2018,ER,0.0
2019,ER,0.0
2020,ER,0.0
2021,ER,0.0
2022,ER,0.0
1995,EN,369840.8
1996,EN,581178.4
1997,EN,581178.4
1998,EN,818933.2000000001
1999,EN,634012.8
2000,EN,871767.6
2001,EN,792516.0
2002,EN,528344.0
2003,EN,528344.0
2004,EN,528344.0
2005,EN,528344.0
2006,EN,264172.0
2007,EN,264172.0
2008,EN,264172.0
2009,EN,264172.0
2010,EN,739681.6
2011,EN,1690700.8
2012,EN,2536051.2
2013,EN,2826640.4
2014,EN,2932309.2
2015,EN,3037978.0
2016,EN,2905892.0
2017,EN,2905892.0
2018,EN,2905892.0
2019,EN,2905892.0
2020,EN,2905892.0
2021,EN,2905892.0
2022,EN,2905892.0
1995,WZ,0.0
1996,WZ,0.0
1997,WZ,0.0
1998,WZ,0.0
1999,WZ,0.0
2000,WZ,0.0
2001,WZ,0.0
2002,WZ,0.0
2003,WZ,0.0
2004,WZ,0.0
2005,WZ,0.0
2006,WZ,0.0
2007,WZ,0.0
2008,WZ,0.0
2009,WZ,0.0
2010,WZ,0.0
2011,WZ,0.0
2012,WZ,0.0
2013,WZ,0.0
2014,WZ,0.0
2015,WZ,0.0
2016,WZ,0.0
2017,WZ,0.0
2018,WZ,0.0
2019,WZ,0.0
2020,WZ,0.0
2021,WZ,0.0
2022,WZ,0.0
1995,ET,264172.0
1996,ET,264172.0
1997,ET,264172.0
1998,ET,396258.0
1999,ET,475509.60000000003
2000,ET,607595.6
2001,ET,660430.0
2002,ET,686847.2000000001
2003,ET,686847.2000000001
2004,ET,739681.6
2005,ET,845350.4
2006,ET,686847.2000000001
2007,ET,792516.0
2008,ET,369840.8
2009,ET,422675.2
2010,ET,237754.80000000002
2011,ET,237754.80000000002
2012,ET,237754.80000000002
2013,ET,237754.80000000002
2014,ET,237754.80000000002
2015,ET,211337.6
2016,ET,211337.6
2017,ET,211337.6
2018,ET,211337.6
2019,ET,211337.6
2020,ET,211337.6
2021,ET,211337.6
2022,ET,211337.6
1995,FO,0.0
1996,FO,0.0
1997,FO,0.0
1998,FO,0.0
1999,FO,0.0
2000,FO,0.0
2001,FO,0.0
2002,FO,0.0
2003,FO,0.0
2004,FO,0.0
2005,FO,0.0
2006,FO,0.0
2007,FO,0.0
2008,FO,0.0
2009,FO,0.0
2010,FO,0.0
2011,FO,0.0
2012,FO,0.0
2013,FO,0.0
2014,FO,0.0
2015,FO,0.0
2016,FO,0.0
2017,FO,0.0
2018,FO,0.0
2019,FO,0.0
2020,FO,0.0
2021,FO,0.0
2022,FO,0.0
1995,FJ,0.0
1996,FJ,0.0
1997,FJ,0.0
1998,FJ,0.0
1999,FJ,0.0
2000,FJ,0.0
2001,FJ,0.0
2002,FJ,0.0
2003,FJ,0.0
2004,FJ,0.0
2005,FJ,0.0
2006,FJ,0.0
2007,FJ,0.0
2008,FJ,0.0
2009,FJ,0.0
2010,FJ,0.0
2011,FJ,0.0
2012,FJ,0.0
2013,FJ,0.0
2014,FJ,0.0
2015,FJ,0.0
2016,FJ,0.0
2017,FJ,0.0
2018,FJ,0.0
2019,FJ,0.0
2020,FJ,0.0
2021,FJ,0.0
2022,FJ,0.0
1995,FI,0.0
1996,FI,0.0
1997,FI,0.0
1998,FI,0.0
1999,FI,0.0
2000,FI,0.0
2001,FI,0.0
2002,FI,0.0
2003,FI,0.0
2004,FI,0.0
2005,FI,0.0
2006,FI,0.0
2007,FI,0.0
2008,FI,0.0
2009,FI,0.0
2010,FI,0.0
2011,FI,0.0
2012,FI,0.0
2013,FI,0.0
2014,FI,0.0
2015,FI,0.0
2016,FI,0.0
2017,FI,0.0
2018,FI,0.0
2019,FI,0.0
2020,FI,0.0
2021,FI,0.0
2022,FI,0.0
1995,FR,1435880488.8
1996,FR,1507022008.4
1997,FR,1414931649.2
1998,FR,1391420341.2
1999,FR,1599165202.0
2000,FR,1520072105.2
2001,FR,1410387890.8
2002,FR,1330185271.6000001
2003,FR,1224701392.0
2004,FR,1515977439.2
2005,FR,1376468206.0
2006,FR,1377049384.4
2007,FR,1206526358.4
2008,FR,1126799248.8
2009,FR,1222297426.8
2010,FR,1172421753.2
2011,FR,1340857820.4
2012,FR,1097581825.6000001
2013,FR,1113062304.8
2014,FR,1229297984.8
2015,FR,1262081730.0
2016,FR,1198469112.4
2017,FR,967001606.0
2018,FR,1299356399.2
2019,FR,1114620919.6000001
2020,FR,1232969975.6000001
2021,FR,994422659.6
2022,FR,1215138365.6000001
2023,FR,1268791698.8
1995,FG,0.0
1996,FG,0.0
1997,FG,0.0
1998,FG,0.0
1999,FG,0.0
2000,FG,0.0
2001,FG,0.0
2002,FG,0.0
2003,FG,0.0
2004,FG,0.0
2005,FG,0.0
2006,FG,0.0
2007,FG,0.0
2008,FG,0.0
2009,FG,0.0
2010,FG,0.0
2011,FG,0.0
2012,FG,0.0
2013,FG,0.0
2014,FG,0.0
2015,FG,0.0
2016,FG,0.0
2017,FG,0.0
2018,FG,0.0
2019,FG,0.0
2020,FG,0.0
2021,FG,0.0
2022,FG,0.0
1995,FP,0.0
1996,FP,0.0
1997,FP,0.0
1998,FP,0.0
1999,FP,0.0
2000,FP,0.0
2001,FP,0.0
2002,FP,0.0
2003,FP,0.0
2004,FP,0.0
2005,FP,0.0
2006,FP,0.0
2007,FP,0.0
2008,FP,0.0
2009,FP,0.0
2010,FP,0.0
2011,FP,0.0
2012,FP,0.0
2013,FP,0.0
2014,FP,0.0
2015,FP,0.0
2016,FP,0.0
2017,FP,0.0
2018,FP,0.0
2019,FP,0.0
2020,FP,0.0
2021,FP,0.0
2022,FP,0.0
1995,GA,0.0
1996,GA,0.0
1997,GA,0.0
1998,GA,0.0
1999,GA,0.0
2000,GA,0.0
2001,GA,0.0
2002,GA,0.0
2003,GA,0.0
2004,GA,0.0
2005,GA,0.0
2006,GA,0.0
2007,GA,0.0
2008,GA,0.0
2009,GA,0.0
2010,GA,0.0
2011,GA,0.0
2012,GA,0.0
2013,GA,0.0
2014,GA,0.0
2015,GA,0.0
2016,GA,0.0
2017,GA,0.0
2018,GA,0.0
2019,GA,0.0
2020,GA,0.0
2021,GA,0.0
2022,GA,0.0
1995,GB,0.0
1996,GB,0.0
1997,GB,0.0
1998,GB,0.0
1999,GB,0.0
2000,GB,0.0
2001,GB,0.0
2002,GB,0.0
2003,GB,0.0
2004,GB,0.0
2005,GB,0.0
2006,GB,0.0
2007,GB,0.0
2008,GB,0.0
2009,GB,0.0
2010,GB,0.0
2011,GB,0.0
2012,GB,0.0
2013,GB,0.0
2014,GB,0.0
2015,GB,0.0
2016,GB,0.0
2017,GB,0.0
2018,GB,0.0
2019,GB,0.0
2020,GB,0.0
2021,GB,0.0
2022,GB,0.0
1995,GG,54155260.0
1996,GG,53494830.0
1997,GG,47550960.0
1998,GG,33021500.0
1999,GG,34342360.0
2000,GG,30062773.6
2001,GG,35029207.2
2002,GG,30009939.2
2003,GG,21133760.0
2004,GG,25096340.0
2005,GG,34342360.0
2006,GG,25096340.0
2007,GG,38965370.0
2008,GG,29191006.0
2009,GG,27553139.6
2010,GG,27315384.8
2011,GG,29270257.6
2012,GG,21926276.0
2013,GG,26337948.400000002
2014,GG,24303824.0
2015,GG,31594971.2
2016,GG,23352804.8
2017,GG,26470034.400000002
2018,GG,49928508.0
2019,GG,54604352.4
2020,GG,56110132.800000004
2021,GG,49954925.2
2022,GG,50773858.4
2023,GG,49268078.0
1995,GM,224810372.0
1996,GM,228297442.4
1997,GM,224414114.0
1998,GM,286203944.8
1999,GM,320255715.6
2000,GM,260262254.4
2001,GM,234875325.20000002
2002,GM,261134022.0
2003,GM,216383285.20000002
2004,GM,264356920.4
2005,GM,241796631.6
2006,GM,235535755.20000002
2007,GM,271066889.2
2008,GM,263934245.20000002
2009,GM,243777921.6
2010,GM,182437183.20000002
2011,GM,241241870.4
2012,GM,238071806.4
2013,GM,222142234.8
2014,GM,243091074.4
2015,GM,232973286.8
2016,GM,238098223.6
2017,GM,197125146.4
2018,GM,271251809.6
2019,GM,217096549.6
2020,GM,222036566.0
2021,GM,223172505.6
2022,GM,236169768.0
2023,GM,227082251.20000002
1995,GH,0.0
1996,GH,0.0
1997,GH,0.0
1998,GH,0.0
1999,GH,0.0
2000,GH,0.0
2001,GH,0.0
2002,GH,0.0
2003,GH,0.0
2004,GH,0.0
2005,GH,0.0
2006,GH,0.0
2007,GH,0.0
2008,GH,0.0
2009,GH,0.0
2010,GH,0.0
2011,GH,0.0
2012,GH,0.0
2013,GH,0.0
2014,GH,0.0
2015,GH,0.0
2016,GH,0.0
2017,GH,0.0
2018,GH,0.0
2019,GH,0.0
2020,GH,0.0
2021,GH,0.0
2022,GH,0.0
1995,GR,101468465.2
1996,GR,108548274.8
1997,GR,105325376.4
1998,GR,101072207.2
1999,GR,97215296.0
2000,GR,93992397.60000001
2001,GR,91852604.4
2002,GR,81497062.0
2003,GR,100358942.8
2004,GR,112220265.60000001
2005,GR,106382064.4
2006,GR,104030933.60000001
2007,GR,92750789.2
2008,GR,102208146.8
2009,GR,88920295.2
2010,GR,77930740.0
2011,GR,72647300.0
2012,GR,82289578.0
2013,GR,88312699.60000001
2014,GR,73968160.0
2015,GR,66069417.2
2016,GR,65778828.0
2017,GR,67363860.0
2018,GR,59042442.0
2019,GR,63057856.4
2020,GR,58672601.2
2021,GR,63823955.2
2022,GR,55053444.800000004
2023,GR,36112312.4
1995,GL,0.0
1996,GL,0.0
1997,GL,0.0
1998,GL,0.0
1999,GL,0.0
2000,GL,0.0
2001,GL,0.0
2002,GL,0.0
2003,GL,0.0
2004,GL,0.0
2005,GL,0.0
2006,GL,0.0
2007,GL,0.0
2008,GL,0.0
2009,GL,0.0
2010,GL,0.0
2011,GL,0.0
2012,GL,0.0
2013,GL,0.0
2014,GL,0.0
2015,GL,0.0
2016,GL,0.0
2017,GL,0.0
2018,GL,0.0
2019,GL,0.0
2020,GL,0.0
2021,GL,0.0
2022,GL,0.0
1995,GJ,0.0
1996,GJ,0.0
1997,GJ,0.0
1998,GJ,0.0
1999,GJ,0.0
2000,GJ,0.0
2001,GJ,0.0
2002,GJ,0.0
2003,GJ,0.0
2004,GJ,0.0
2005,GJ,0.0
2006,GJ,0.0
2007,GJ,0.0
2008,GJ,0.0
2009,GJ,0.0
2010,GJ,0.0
2011,GJ,0.0
2012,GJ,0.0
2013,GJ,0.0
2014,GJ,0.0
2015,GJ,0.0
2016,GJ,0.0
2017,GJ,0.0
2018,GJ,0.0
2019,GJ,0.0
2020,GJ,0.0
2021,GJ,0.0
2022,GJ,0.0
1995,GP,0.0
1996,GP,0.0
1997,GP,0.0
1998,GP,0.0
1999,GP,0.0
2000,GP,0.0
2001,GP,0.0
2002,GP,0.0
2003,GP,0.0
2004,GP,0.0
2005,GP,0.0
2006,GP,0.0
2007,GP,0.0
2008,GP,0.0
2009,GP,0.0
2010,GP,0.0
2011,GP,0.0
2012,GP,0.0
2013,GP,0.0
2014,GP,0.0
2015,GP,0.0
2016,GP,0.0
2017,GP,0.0
2018,GP,0.0
2019,GP,0.0
2020,GP,0.0
2021,GP,0.0
2022,GP,0.0
1995,GQ,0.0
1996,GQ,0.0
1997,GQ,0.0
1998,GQ,0.0
1999,GQ,0.0
2000,GQ,0.0
2001,GQ,0.0
2002,GQ,0.0
2003,GQ,0.0
2004,GQ,0.0
2005,GQ,0.0
2006,GQ,0.0
2007,GQ,0.0
2008,GQ,0.0
2009,GQ,0.0
2010,GQ,0.0
2011,GQ,0.0
2012,GQ,0.0
2013,GQ,0.0
2014,GQ,0.0
2015,GQ,0.0
2016,GQ,0.0
2017,GQ,0.0
2018,GQ,0.0
2019,GQ,0.0
2020,GQ,0.0
2021,GQ,0.0
2022,GQ,0.0
1995,GV,0.0
1996,GV,0.0
1997,GV,0.0
1998,GV,0.0
1999,GV,0.0
2000,GV,0.0
2001,GV,0.0
2002,GV,0.0
2003,GV,0.0
2004,GV,0.0
2005,GV,0.0
2006,GV,0.0
2007,GV,0.0
2008,GV,0.0
2009,GV,0.0
2010,GV,0.0
2011,GV,0.0
2012,GV,0.0
2013,GV,0.0
2014,GV,0.0
2015,GV,0.0
2016,GV,0.0
2017,GV,0.0
2018,GV,0.0
2019,GV,0.0
2020,GV,0.0
2021,GV,0.0
2022,GV,0.0
1995,PU,0.0
1996,PU,0.0
1997,PU,0.0
1998,PU,0.0
1999,PU,0.0
2000,PU,0.0
2001,PU,0.0
2002,PU,0.0
2003,PU,0.0
2004,PU,0.0
2005,PU,0.0
2006,PU,0.0
2007,PU,0.0
2008,PU,0.0
2009,PU,0.0
2010,PU,0.0
2011,PU,0.0
2012,PU,0.0
2013,PU,0.0
2014,PU,0.0
2015,PU,0.0
2016,PU,0.0
2017,PU,0.0
2018,PU,0.0
2019,PU,0.0
2020,PU,0.0
2021,PU,0.0
2022,PU,0.0
1995,GY,0.0
1996,GY,0.0
1997,GY,0.0
1998,GY,0.0
1999,GY,0.0
2000,GY,0.0
2001,GY,0.0
2002,GY,0.0
2003,GY,0.0
2004,GY,0.0
2005,GY,0.0
2006,GY,0.0
2007,GY,0.0
2008,GY,0.0
2009,GY,0.0
2010,GY,0.0
2011,GY,0.0
2012,GY,0.0
2013,GY,0.0
2014,GY,0.0
2015,GY,0.0
2016,GY,0.0
2017,GY,0.0
2018,GY,0.0
2019,GY,0.0
2020,GY,0.0
2021,GY,0.0
2022,GY,0.0
1995,HA,0.0
1996,HA,0.0
1997,HA,0.0
1998,HA,0.0
1999,HA,0.0
2000,HA,0.0
2001,HA,0.0
2002,HA,0.0
2003,HA,0.0
2004,HA,0.0
2005,HA,0.0
2006,HA,0.0
2007,HA,0.0
2008,HA,0.0
2009,HA,0.0
2010,HA,0.0
2011,HA,0.0
2012,HA,0.0
2013,HA,0.0
2014,HA,0.0
2015,HA,0.0
2016,HA,0.0
2017,HA,0.0
2018,HA,0.0
2019,HA,0.0
2020,HA,0.0
2021,HA,0.0
2022,HA,0.0
1995,HO,0.0
1996,HO,0.0
1997,HO,0.0
1998,HO,0.0
1999,HO,0.0
2000,HO,0.0
2001,HO,0.0
2002,HO,0.0
2003,HO,0.0
2004,HO,0.0
2005,HO,0.0
2006,HO,0.0
2007,HO,0.0
2008,HO,0.0
2009,HO,0.0
2010,HO,0.0
2011,HO,0.0
2012,HO,0.0
2013,HO,0.0
2014,HO,0.0
2015,HO,0.0
2016,HO,0.0
2017,HO,0.0
2018,HO,0.0
2019,HO,0.0
2020,HO,0.0
2021,HO,0.0
2022,HO,0.0
1995,HU,86886170.8
1996,HU,110635233.60000001
1997,HU,118137718.4
1998,HU,114492144.8
1999,HU,88207030.8
2000,HU,113567542.8
2001,HU,142811383.20000002
2002,HU,88048527.60000001
2003,HU,102498736.0
2004,HU,139271478.4
2005,HU,76609880.0
2006,HU,81893320.0
2007,HU,85116218.4
2008,HU,91403512.0
2009,HU,80968718.0
2010,HU,43482711.2
2011,HU,66254337.6
2012,HU,46626358.0
2013,HU,67971455.60000001
2014,HU,64114544.4
2015,HU,73439816.0
2016,HU,74522921.2
2017,HU,67311025.60000001
2018,HU,96290694.0
2019,HU,63242776.800000004
2020,HU,68314879.2
2021,HU,68367713.60000001
2022,HU,65620324.800000004
2023,HU,64246630.4
2004,IN,1241608.4000000001
2005,IN,1532197.6
2006,IN,2271879.2
2007,IN,2958726.4
2008,IN,3090812.4
2009,IN,3936162.8000000003
2010,IN,4226752.0
2011,IN,3751242.4
2012,IN,3856911.2
2013,IN,4490924.0
2014,IN,4570175.600000001
2015,IN,4834347.600000001
2016,IN,5124936.8
2017,IN,5389108.8
2018,IN,5547612.0
2019,IN,4755096.0
2020,IN,4755096.0
2021,IN,4755096.0
2022,IN,4755096.0
1995,ID,0.0
1996,ID,0.0
1997,ID,0.0
1998,ID,0.0
1999,ID,0.0
2000,ID,0.0
2001,ID,0.0
2002,ID,0.0
2003,ID,0.0
2004,ID,0.0
2005,ID,0.0
2006,ID,0.0
2007,ID,0.0
2008,ID,0.0
2009,ID,0.0
2010,ID,0.0
2011,ID,0.0
2012,ID,0.0
2013,ID,0.0
2014,ID,0.0
2015,ID,0.0
2016,ID,0.0
2017,ID,0.0
2018,ID,0.0
2019,ID,0.0
2020,ID,0.0
2021,ID,0.0
2022,ID,0.0
1995,IR,0.0
1996,IR,0.0
1997,IR,0.0
1998,IR,0.0
1999,IR,0.0
2000,IR,0.0
2001,IR,0.0
2002,IR,0.0
2003,IR,0.0
2004,IR,0.0
2005,IR,0.0
2006,IR,0.0
2007,IR,0.0
2008,IR,0.0
2009,IR,0.0
2010,IR,0.0
2011,IR,0.0
2012,IR,0.0
2013,IR,0.0
2014,IR,0.0
2015,IR,0.0
2016,IR,0.0
2017,IR,0.0
2018,IR,0.0
2019,IR,0.0
2020,IR,0.0
2021,IR,0.0
2022,IR,0.0
1995,IZ,0.0
1996,IZ,0.0
1997,IZ,0.0
1998,IZ,0.0
1999,IZ,0.0
2000,IZ,0.0
2001,IZ,0.0
2002,IZ,0.0
2003,IZ,0.0
2004,IZ,0.0
2005,IZ,0.0
2006,IZ,0.0
2007,IZ,0.0
2008,IZ,0.0
2009,IZ,0.0
2010,IZ,0.0
2011,IZ,0.0
2012,IZ,0.0
2013,IZ,0.0
2014,IZ,0.0
2015,IZ,0.0
2016,IZ,0.0
2017,IZ,0.0
2018,IZ,0.0
2019,IZ,0.0
2020,IZ,0.0
2021,IZ,0.0
2022,IZ,0.0
1995,EI,0.0
1996,EI,0.0
1997,EI,0.0
1998,EI,0.0
1999,EI,0.0
2000,EI,0.0
2001,EI,0.0
2002,EI,0.0
2003,EI,0.0
2004,EI,0.0
2005,EI,0.0
2006,EI,0.0
2007,EI,0.0
2008,EI,0.0
2009,EI,0.0
2010,EI,0.0
2011,EI,0.0
2012,EI,0.0
2013,EI,0.0
2014,EI,0.0
2015,EI,0.0
2016,EI,0.0
2017,EI,0.0
2018,EI,0.0
2019,EI,0.0
2020,EI,0.0
2021,EI,0.0
2022,EI,0.0
1995,IS,3222898.4
1996,IS,2377548.0
1997,IS,2377548.0
1998,IS,2377548.0
1999,IS,2113376.0
2000,IS,1981290.0
2001,IS,1320860.0
2002,IS,1505780.4000000001
2003,IS,6181624.8
2004,IS,6340128.0
2005,IS,6340128.0
2006,IS,6181624.8
2007,IS,5758949.600000001
2008,IS,6023121.600000001
2009,IS,6075956.0
2010,IS,6472214.0
2011,IS,6842054.8
2012,IS,7396816.0
2013,IS,7925160.0
2014,IS,8453504.0
2015,IS,9008265.200000001
2016,IS,9536609.200000001
2017,IS,10064953.200000001
2018,IS,10619714.4
2019,IS,11148058.4
2020,IS,13102931.200000001
2021,IS,10170622.0
2022,IS,11359396.0
1995,IT,1471490874.4
1996,IT,1552591678.4
1997,IT,1344476976.8
1998,IT,1431495233.6000001
1999,IT,1491356608.8
2000,IT,1363655864.0
2001,IT,1317293678.0
2002,IT,1122915920.4
2003,IT,1104423880.4
2004,IT,1319142882.0
2005,IT,1335812135.2
2006,IT,1374645419.2
2007,IT,1214689273.2
2008,IT,1240815884.0
2009,IT,1249903400.8
2010,IT,1281894630.0
2011,IT,1129916478.4
2012,IT,1205046995.2
2013,IT,1427294898.8
2014,IT,1168406338.8
2015,IT,1320754331.2
2016,IT,1345163824.0
2017,IT,1122731000.0
2018,IT,1447213467.6000001
2019,IT,1255688767.6000001
2020,IT,1296186335.2
2021,IT,1326988790.4
2022,IT,1316712499.6000001
2023,IT,1011541005.2
1995,JM,0.0
1996,JM,0.0
1997,JM,0.0
1998,JM,0.0
1999,JM,0.0
2000,JM,0.0
2001,JM,0.0
2002,JM,0.0
2003,JM,0.0
2004,JM,0.0
2005,JM,0.0
2006,JM,0.0
2007,JM,0.0
2008,JM,0.0
2009,JM,0.0
2010,JM,0.0
2011,JM,0.0
2012,JM,0.0
2013,JM,0.0
2014,JM,0.0
2015,JM,0.0
2016,JM,0.0
2017,JM,0.0
2018,JM,0.0
2019,JM,0.0
2020,JM,0.0
2021,JM,0.0
2022,JM,0.0
1995,JA,17224014.400000002
1996,JA,17831610.0
1997,JA,24673664.8
1998,JA,30617534.8
1999,JA,26496451.6
2000,JA,25730352.8
2001,JA,29191006.0
2002,JA,29323092.0
2003,JA,24779333.6
2004,JA,24779333.6
2005,JA,25228426.0
2006,JA,23775480.0
2007,JA,16642836.0
2008,JA,17435352.0
2009,JA,19284556.0
2010,JA,19812900.0
2011,JA,20869588.0
2012,JA,21133760.0
2013,JA,21133760.0
2014,JA,22454620.0
2015,JA,20050654.8
2016,JA,21292263.2
2017,JA,20763919.2
2018,JA,21080925.6
2019,JA,22745209.2
2020,JA,21265846.0
2021,JA,13076514.0
2022,JA,19786482.8
2023,JA,19601562.400000002
1995,JO,0.0
1996,JO,0.0
1997,JO,0.0
1998,JO,0.0
1999,JO,0.0
2000,JO,0.0
2001,JO,0.0
2002,JO,0.0
2003,JO,0.0
2004,JO,0.0
2005,JO,0.0
2006,JO,0.0
2007,JO,0.0
2008,JO,0.0
2009,JO,0.0
2010,JO,0.0
2011,JO,0.0
2012,JO,0.0
2013,JO,0.0
2014,JO,0.0
2015,JO,0.0
2016,JO,0.0
2017,JO,0.0
2018,JO,0.0
2019,JO,0.0
2020,JO,0.0
2021,JO,0.0
2022,JO,0.0
1995,KZ,3222898.4
1996,KZ,3011560.8000000003
1997,KZ,2932309.2
1998,KZ,4464506.8
1999,KZ,5996704.4
2000,KZ,7211895.600000001
2001,KZ,3407818.8000000003
2002,KZ,6234459.2
2003,KZ,5732532.4
2004,KZ,4781513.2
2005,KZ,6525048.4
2006,KZ,5177771.2
2007,KZ,2958726.4
2008,KZ,3513487.6
2009,KZ,4543758.4
2010,KZ,4543758.4
2011,KZ,4173917.6
2012,KZ,4094666.0
2013,KZ,5521194.8
2014,KZ,5811784.0
2015,KZ,6392962.4
2016,KZ,7898742.8
2017,KZ,8638424.4
2018,KZ,13235017.200000001
2019,KZ,11755654.0
2020,KZ,11570733.6
2021,KZ,6155207.600000001
2022,KZ,6155207.600000001
1995,KE,0.0
1996,KE,0.0
1997,KE,0.0
1998,KE,0.0
1999,KE,0.0
2000,KE,0.0
2001,KE,0.0
2002,KE,0.0
2003,KE,0.0
2004,KE,0.0
2005,KE,0.0
2006,KE,0.0
2007,KE,0.0
2008,KE,0.0
2009,KE,0.0
2010,KE,0.0
2011,KE,0.0
2012,KE,0.0
2013,KE,0.0
2014,KE,0.0
2015,KE,0.0
2016,KE,0.0
2017,KE,0.0
2018,KE,0.0
2019,KE,0.0
2020,KE,0.0
2021,KE,0.0
2022,KE,0.0
1995,KR,0.0
1996,KR,0.0
1997,KR,0.0
1998,KR,0.0
1999,KR,0.0
2000,KR,0.0
2001,KR,0.0
2002,KR,0.0
2003,KR,0.0
2004,KR,0.0
2005,KR,0.0
2006,KR,0.0
2007,KR,0.0
2008,KR,0.0
2009,KR,0.0
2010,KR,0.0
2011,KR,0.0
2012,KR,0.0
2013,KR,0.0
2014,KR,0.0
2015,KR,0.0
2016,KR,0.0
2017,KR,0.0
2018,KR,0.0
2019,KR,0.0
2020,KR,0.0
2021,KR,0.0
2022,KR,0.0
1995,KN,0.0
1996,KN,0.0
1997,KN,0.0
1998,KN,0.0
1999,KN,0.0
2000,KN,0.0
2001,KN,0.0
2002,KN,0.0
2003,KN,0.0
2004,KN,0.0
2005,KN,0.0
2006,KN,0.0
2007,KN,0.0
2008,KN,0.0
2009,KN,0.0
2010,KN,0.0
2011,KN,0.0
2012,KN,0.0
2013,KN,0.0
2014,KN,0.0
2015,KN,0.0
2016,KN,0.0
2017,KN,0.0
2018,KN,0.0
2019,KN,0.0
2020,KN,0.0
2021,KN,0.0
2022,KN,0.0
1995,KS,0.0
1996,KS,0.0
1997,KS,0.0
1998,KS,0.0
1999,KS,0.0
2000,KS,0.0
2001,KS,0.0
2002,KS,0.0
2003,KS,0.0
2004,KS,0.0
2005,KS,0.0
2006,KS,0.0
2007,KS,0.0
2008,KS,0.0
2009,KS,0.0
2010,KS,0.0
2011,KS,0.0
2012,KS,0.0
2013,KS,0.0
2014,KS,0.0
2015,KS,0.0
2016,KS,0.0
2017,KS,0.0
2018,KS,0.0
2019,KS,0.0
2020,KS,0.0
2021,KS,0.0
2022,KS,0.0
1995,KU,0.0
1996,KU,0.0
1997,KU,0.0
1998,KU,0.0
1999,KU,0.0
2000,KU,0.0
2001,KU,0.0
2002,KU,0.0
2003,KU,0.0
2004,KU,0.0
2005,KU,0.0
2006,KU,0.0
2007,KU,0.0
2008,KU,0.0
2009,KU,0.0
2010,KU,0.0
2011,KU,0.0
2012,KU,0.0
2013,KU,0.0
2014,KU,0.0
2015,KU,0.0
2016,KU,0.0
2017,KU,0.0
2018,KU,0.0
2019,KU,0.0
2020,KU,0.0
2021,KU,0.0
2022,KU,0.0
1995,KG,686847.2000000001
1996,KG,607595.6
1997,KG,554761.2000000001
1998,KG,528344.0
1999,KG,554761.2000000001
2000,KG,581178.4
2001,KG,1056688.0
2002,KG,1162356.8
2003,KG,475509.60000000003
2004,KG,449092.4
2005,KG,317006.4
2006,KG,475509.60000000003
2007,KG,290589.2
2008,KG,343423.60000000003
2009,KG,369840.8
2010,KG,422675.2
2011,KG,369840.8
2012,KG,343423.60000000003
2013,KG,475509.60000000003
2014,KG,449092.4
2015,KG,686847.2000000001
2016,KG,634012.8
2017,KG,739681.6
2018,KG,1479363.2
2019,KG,1003853.6
2020,KG,369840.8
2021,KG,369840.8
2022,KG,369840.8
1995,LG,1241608.4000000001
1996,LG,924602.0
1997,LG,396258.0
1998,LG,264172.0
1999,LG,0.0
2000,LG,0.0
2001,LG,0.0
2002,LG,0.0
2003,LG,0.0
2004,LG,0.0
2005,LG,1981290.0
2006,LG,1400111.6
2007,LG,686847.2000000001
2008,LG,660430.0
2009,LG,475509.60000000003
2010,LG,660430.0
2011,LG,581178.4
2012,LG,581178.4
2013,LG,581178.4
2014,LG,634012.8
2015,LG,554761.2000000001
2016,LG,660430.0
2017,LG,845350.4
2018,LG,713264.4
2019,LG,528344.0
2020,LG,528344.0
2021,LG,528344.0
2022,LG,528344.0
1995,LE,7925160.0
1996,LE,4173917.6
1997,LE,6551465.600000001
1998,LE,4913599.2
1999,LE,4755096.0
2000,LE,4490924.0
2001,LE,4226752.0
2002,LE,3962580.0
2003,LE,3962580.0
2004,LE,3962580.0
2005,LE,3962580.0
2006,LE,3434236.0
2007,LE,2905892.0
2008,LE,2377548.0
2009,LE,1849204.0
2010,LE,1717118.0
2011,LE,2113376.0
2012,LE,2377548.0
2013,LE,2509634.0
2014,LE,2403965.2
2015,LE,2879474.8000000003
2016,LE,2641720.0
2017,LE,2641720.0
2018,LE,2641720.0
2019,LE,2641720.0
2020,LE,2641720.0
2021,LE,2641720.0
2022,LE,2641720.0
1995,LT,0.0
1996,LT,0.0
1997,LT,0.0
1998,LT,0.0
1999,LT,0.0
2000,LT,0.0
2001,LT,0.0
2002,LT,0.0
2003,LT,0.0
2004,LT,0.0
2005,LT,0.0
2006,LT,0.0
2007,LT,0.0
2008,LT,0.0
2009,LT,0.0
2010,LT,0.0
2011,LT,0.0
2012,LT,0.0
2013,LT,0.0
2014,LT,0.0
2015,LT,0.0
2016,LT,0.0
2017,LT,0.0
2018,LT,0.0
2019,LT,0.0
2020,LT,0.0
2021,LT,0.0
2022,LT,0.0
1995,LI,0.0
1996,LI,0.0
1997,LI,0.0
1998,LI,0.0
1999,LI,0.0
2000,LI,0.0
2001,LI,0.0
2002,LI,0.0
2003,LI,0.0
2004,LI,0.0
2005,LI,0.0
2006,LI,0.0
2007,LI,0.0
2008,LI,0.0
2009,LI,0.0
2010,LI,0.0
2011,LI,0.0
2012,LI,0.0
2013,LI,0.0
2014,LI,0.0
2015,LI,0.0
2016,LI,0.0
2017,LI,0.0
2018,LI,0.0
2019,LI,0.0
2020,LI,0.0
2021,LI,0.0
2022,LI,0.0
1995,LY,0.0
1996,LY,0.0
1997,LY,0.0
1998,LY,0.0
1999,LY,0.0
2000,LY,0.0
2001,LY,0.0
2002,LY,0.0
2003,LY,0.0
2004,LY,0.0
2005,LY,0.0
2006,LY,0.0
2007,LY,0.0
2008,LY,0.0
2009,LY,0.0
2010,LY,0.0
2011,LY,0.0
2012,LY,0.0
2013,LY,0.0
2014,LY,0.0
2015,LY,0.0
2016,LY,0.0
2017,LY,0.0
2018,LY,0.0
2019,LY,0.0
2020,LY,0.0
2021,LY,0.0
2022,LY,0.0
1995,LS,0.0
1996,LS,0.0
1997,LS,0.0
1998,LS,0.0
1999,LS,0.0
2000,LS,0.0
2001,LS,0.0
2002,LS,0.0
2003,LS,0.0
2004,LS,0.0
2005,LS,0.0
2006,LS,0.0
2007,LS,0.0
2008,LS,0.0
2009,LS,0.0
2010,LS,0.0
2011,LS,0.0
2012,LS,0.0
2013,LS,0.0
2014,LS,0.0
2015,LS,0.0
2016,LS,0.0
2017,LS,0.0
2018,LS,0.0
2019,LS,0.0
2020,LS,0.0
2021,LS,0.0
2022,LS,0.0
1995,LH,290589.2
1996,LH,792516.0
1997,LH,581178.4
1998,LH,1188774.0
1999,LH,1717118.0
2000,LH,1056688.0
2001,LH,1135939.6
2002,LH,1241608.4000000001
2003,LH,951019.2000000001
2004,LH,1373694.4000000001
2005,LH,2060541.6
2006,LH,1902038.4000000001
2007,LH,2351130.8000000003
2008,LH,2192627.6
2009,LH,1426528.8
2010,LH,1902038.4000000001
2011,LH,1611449.2
2012,LH,1717118.0
2013,LH,1505780.4000000001
2014,LH,1585032.0
2015,LH,1162356.8
2016,LH,1268025.6
2017,LH,1083105.2
2018,LH,1241608.4000000001
2019,LH,1083105.2
2020,LH,845350.4
2021,LH,845350.4
2022,LH,845350.4
1995,LU,3962580.0
1996,LU,3381401.6
1997,LU,1981290.0
1998,LU,4226752.0
1999,LU,4860764.8
2000,LU,3487070.4
2001,LU,3566322.0
2002,LU,4068248.8000000003
2003,LU,3249315.6
2004,LU,4121083.2
2005,LU,3566322.0
2006,LU,3275732.8000000003
2007,LU,3751242.4
2008,LU,3434236.0
2009,LU,3566322.0
2010,LU,2905892.0
2011,LU,3487070.4
2012,LU,2245462.0
2013,LU,2668137.2
2014,LU,3302150.0
2015,LU,2932309.2
2016,LU,2192627.6
2017,LU,2139793.2
2018,LU,3592739.2
2019,LU,2007707.2
2020,LU,2562468.4
2021,LU,2641720.0
2022,LU,2324713.6
2023,LU,2139793.2
1995,MA,2324713.6
1996,MA,2324713.6
1997,MA,2351130.8000000003
1998,MA,2377548.0
1999,MA,2403965.2
2000,MA,2351130.8000000003
2001,MA,2351130.8000000003
2002,MA,2351130.8000000003
2003,MA,1690700.8
2004,MA,1690700.8
2005,MA,1717118.0
2006,MA,1769952.4000000001
2007,MA,1954872.8
2008,MA,1981290.0
2009,MA,2192627.6
2010,MA,2192627.6
2011,MA,2166210.4
2012,MA,2219044.8000000003
2013,MA,2219044.8000000003
2014,MA,1981290.0
2015,MA,2034124.4000000001
2016,MA,2060541.6
2017,MA,2060541.6
2018,MA,2060541.6
2019,MA,2060541.6
2020,MA,2060541.6
2021,MA,2060541.6
2022,MA,2060541.6
1995,MI,0.0
1996,MI,0.0
1997,MI,0.0
1998,MI,0.0
1999,MI,0.0
2000,MI,0.0
2001,MI,0.0
2002,MI,0.0
2003,MI,0.0
2004,MI,0.0
2005,MI,0.0
2006,MI,0.0
2007,MI,0.0
2008,MI,0.0
2009,MI,0.0
2010,MI,0.0
2011,MI,0.0
2012,MI,0.0
2013,MI,0.0
2014,MI,0.0
2015,MI,0.0
2016,MI,0.0
2017,MI,0.0
2018,MI,0.0
2019,MI,0.0
2020,MI,0.0
2021,MI,0.0
2022,MI,0.0
1995,MY,0.0
1996,MY,0.0
1997,MY,0.0
1998,MY,0.0
1999,MY,0.0
2000,MY,0.0
2001,MY,0.0
2002,MY,0.0
2003,MY,0.0
2004,MY,0.0
2005,MY,0.0
2006,MY,0.0
2007,MY,0.0
2008,MY,0.0
2009,MY,0.0
2010,MY,0.0
2011,MY,0.0
2012,MY,0.0
2013,MY,0.0
2014,MY,0.0
2015,MY,0.0
2016,MY,0.0
2017,MY,0.0
2018,MY,0.0
2019,MY,0.0
2020,MY,0.0
2021,MY,0.0
2022,MY,0.0
1995,MV,0.0
1996,MV,0.0
1997,MV,0.0
1998,MV,0.0
1999,MV,0.0
2000,MV,0.0
2001,MV,0.0
2002,MV,0.0
2003,MV,0.0
2004,MV,0.0
2005,MV,0.0
2006,MV,0.0
2007,MV,0.0
2008,MV,0.0
2009,MV,0.0
2010,MV,0.0
2011,MV,0.0
2012,MV,0.0
2013,MV,0.0
2014,MV,0.0
2015,MV,0.0
2016,MV,0.0
2017,MV,0.0
2018,MV,0.0
2019,MV,0.0
2020,MV,0.0
2021,MV,0.0
2022,MV,0.0
1995,ML,0.0
1996,ML,0.0
1997,ML,0.0
1998,ML,0.0
1999,ML,0.0
2000,ML,0.0
2001,ML,0.0
2002,ML,0.0
2003,ML,0.0
2004,ML,0.0
2005,ML,0.0
2006,ML,0.0
2007,ML,0.0
2008,ML,0.0
2009,ML,0.0
2010,ML,0.0
2011,ML,0.0
2012,ML,0.0
2013,ML,0.0
2014,ML,0.0
2015,ML,0.0
2016,ML,0.0
2017,ML,0.0
2018,ML,0.0
2019,ML,0.0
2020,ML,0.0
2021,ML,0.0
2022,ML,0.0
1995,MT,845350.4
1996,MT,845350.4
1997,MT,845350.4
1998,MT,554761.2000000001
1999,MT,924602.0
2000,MT,1320860.0
2001,MT,1769952.4000000001
2002,MT,1637866.4000000001
2003,MT,2641720.0
2004,MT,1849204.0
2005,MT,1585032.0
2006,MT,1717118.0
2007,MT,1268025.6
2008,MT,845350.4
2009,MT,977436.4
2010,MT,396258.0
2011,MT,396258.0
2012,MT,581178.4
2013,MT,554761.2000000001
2014,MT,554761.2000000001
2015,MT,528344.0
2016,MT,396258.0
2017,MT,396258.0
2018,MT,449092.4
2019,MT,343423.60000000003
2020,MT,317006.4
2021,MT,290589.2
2022,MT,343423.60000000003
2023,MT,317006.4
1995,RM,0.0
1996,RM,0.0
1997,RM,0.0
1998,RM,0.0
1999,RM,0.0
2000,RM,0.0
2001,RM,0.0
2002,RM,0.0
2003,RM,0.0
2004,RM,0.0
2005,RM,0.0
2006,RM,0.0
2007,RM,0.0
2008,RM,0.0
2009,RM,0.0
2010,RM,0.0
2011,RM,0.0
2012,RM,0.0
2013,RM,0.0
2014,RM,0.0
2015,RM,0.0
2016,RM,0.0
2017,RM,0.0
2018,RM,0.0
2019,RM,0.0
2020,RM,0.0
2021,RM,0.0
2022,RM,0.0
1995,MB,0.0
1996,MB,0.0
1997,MB,0.0
1998,MB,0.0
1999,MB,0.0
2000,MB,0.0
2001,MB,0.0
2002,MB,0.0
2003,MB,0.0
2004,MB,0.0
2005,MB,0.0
2006,MB,0.0
2007,MB,0.0
2008,MB,0.0
2009,MB,0.0
2010,MB,0.0
2011,MB,0.0
2012,MB,0.0
2013,MB,0.0
2014,MB,0.0
2015,MB,0.0
2016,MB,0.0
2017,MB,0.0
2018,MB,0.0
2019,MB,0.0
2020,MB,0.0
2021,MB,0.0
2022,MB,0.0
1995,MR,0.0
1996,MR,0.0
1997,MR,0.0
1998,MR,0.0
1999,MR,0.0
2000,MR,0.0
2001,MR,0.0
2002,MR,0.0
2003,MR,0.0
2004,MR,0.0
2005,MR,0.0
2006,MR,0.0
2007,MR,0.0
2008,MR,0.0
2009,MR,0.0
2010,MR,0.0
2011,MR,0.0
2012,MR,0.0
2013,MR,0.0
2014,MR,0.0
2015,MR,0.0
2016,MR,0.0
2017,MR,0.0
2018,MR,0.0
2019,MR,0.0
2020,MR,0.0
2021,MR,0.0
2022,MR,0.0
1995,MP,0.0
1996,MP,0.0
1997,MP,0.0
1998,MP,0.0
1999,MP,0.0
2000,MP,0.0
2001,MP,0.0
2002,MP,0.0
2003,MP,0.0
2004,MP,0.0
2005,MP,0.0
2006,MP,0.0
2007,MP,0.0
2008,MP,0.0
2009,MP,0.0
2010,MP,0.0
2011,MP,0.0
2012,MP,0.0
2013,MP,0.0
2014,MP,0.0
2015,MP,0.0
2016,MP,0.0
2017,MP,0.0
2018,MP,0.0
2019,MP,0.0
2020,MP,0.0
2021,MP,0.0
2022,MP,0.0
1995,MX,38727615.2
1996,MX,35187710.4
1997,MX,40259812.800000004
1998,MX,35953809.2
1999,MX,38120019.6
2000,MX,27500305.2
2001,MX,37274669.2
2002,MX,26734206.400000002
2003,MX,28953251.2
2004,MX,19284556.0
2005,MX,10963138.0
2006,MX,15004969.6
2007,MX,16642836.0
2008,MX,14714380.4
2009,MX,9325271.6
2010,MX,9140351.200000001
2011,MX,10170622.0
2012,MX,10408376.8
2013,MX,11042389.6
2014,MX,10487628.4
2015,MX,11227310.0
2016,MX,10672548.8
2017,MX,10223456.4
2018,MX,10725383.200000001
2019,MX,10725383.200000001
2020,MX,10514045.6
2021,MX,10461211.200000001
2022,MX,10672548.8
2023,MX,10593297.200000001
1995,FM,0.0
1996,FM,0.0
1997,FM,0.0
1998,FM,0.0
1999,FM,0.0
2000,FM,0.0
2001,FM,0.0
2002,FM,0.0
2003,FM,0.0
2004,FM,0.0
2005,FM,0.0
2006,FM,0.0
2007,FM,0.0
2008,FM,0.0
2009,FM,0.0
2010,FM,0.0
2011,FM,0.0
2012,FM,0.0
2013,FM,0.0
2014,FM,0.0
2015,FM,0.0
2016,FM,0.0
2017,FM,0.0
2018,FM,0.0
2019,FM,0.0
2020,FM,0.0
2021,FM,0.0
2022,FM,0.0
1995,MD,78300580.8
1996,MD,60521805.2
1997,MD,82500915.60000001
1998,MD,39916389.2
1999,MD,35187710.4
2000,MD,29375926.400000002
2001,MD,42373188.800000004
2002,MD,59465117.2
2003,MD,84931298.0
2004,MD,79938447.2
2005,MD,66571344.0
2006,MD,51196533.6
2007,MD,39889972.0
2008,MD,45173412.0
2009,MD,42003348.0
2010,MD,22190448.0
2011,MD,40154144.0
2012,MD,38833284.0
2013,MD,67892204.0
2014,MD,43060036.0
2015,MD,41210832.0
2016,MD,39493714.0
2017,MD,47577377.2
2018,MD,50192680.0
2019,MD,38569112.0
2020,MD,24303824.0
2021,MD,37776596.0
2022,MD,36984080.0
2023,MD,46969781.6
1995,MN,0.0
1996,MN,0.0
1997,MN,0.0
1998,MN,0.0
1999,MN,0.0
2000,MN,0.0
2001,MN,0.0
2002,MN,0.0
2003,MN,0.0
2004,MN,0.0
2005,MN,0.0
2006,MN,0.0
2007,MN,0.0
2008,MN,0.0
2009,MN,0.0
2010,MN,0.0
2011,MN,0.0
2012,MN,0.0
2013,MN,0.0
2014,MN,0.0
2015,MN,0.0
2016,MN,0.0
2017,MN,0.0
2018,MN,0.0
2019,MN,0.0
2020,MN,0.0
2021,MN,0.0
2022,MN,0.0
1995,MG,0.0
1996,MG,0.0
1997,MG,0.0
1998,MG,0.0
1999,MG,0.0
2000,MG,0.0
2001,MG,0.0
2002,MG,0.0
2003,MG,0.0
2004,MG,0.0
2005,MG,0.0
2006,MG,0.0
2007,MG,0.0
2008,MG,0.0
2009,MG,0.0
2010,MG,0.0
2011,MG,0.0
2012,MG,0.0
2013,MG,0.0
2014,MG,0.0
2015,MG,0.0
2016,MG,0.0
2017,MG,0.0
2018,MG,0.0
2019,MG,0.0
2020,MG,0.0
2021,MG,0.0
2022,MG,0.0
2006,MJ,4385255.2
2007,MJ,3434236.0
2008,MJ,4490924.0
2009,MJ,4517341.2
2010,MJ,4755096.0
2011,MJ,3117229.6
2012,MJ,4596592.8
2013,MJ,4226752.0
2014,MJ,2562468.4
2015,MJ,2985143.6
2016,MJ,2668137.2
2017,MJ,2905892.0
2018,MJ,2324713.6
2019,MJ,2694554.4
2020,MJ,1849204.0
2021,MJ,1849204.0
2022,MJ,1849204.0
1995,MW,0.0
1996,MW,0.0
1997,MW,0.0
1998,MW,0.0
1999,MW,0.0
2000,MW,0.0
2001,MW,0.0
2002,MW,0.0
2003,MW,0.0
2004,MW,0.0
2005,MW,0.0
2006,MW,0.0
2007,MW,0.0
2008,MW,0.0
2009,MW,0.0
2010,MW,0.0
2011,MW,0.0
2012,MW,0.0
2013,MW,0.0
2014,MW,0.0
2015,MW,0.0
2016,MW,0.0
2017,MW,0.0
2018,MW,0.0
2019,MW,0.0
2020,MW,0.0
2021,MW,0.0
2022,MW,0.0
1995,MO,4570175.600000001
1996,MO,7502484.8
1997,MO,9932867.200000001
1998,MO,7872325.600000001
1999,MO,13023679.6
2000,MO,7898742.8
2001,MO,7555319.2
2002,MO,9034682.4
2003,MO,9061099.6
2004,MO,8612007.200000001
2005,MO,9906450.0
2006,MO,11068806.8
2007,MO,9774364.0
2008,MO,9246020.0
2009,MO,7793074.0
2010,MO,8902596.4
2011,MO,8981848.0
2012,MO,9113934.0
2013,MO,9774364.0
2014,MO,8638424.4
2015,MO,10197039.200000001
2016,MO,8585590.0
2017,MO,9087516.8
2018,MO,10778217.6
2019,MO,12521752.8
2020,MO,10804634.8
2021,MO,10804634.8
2022,MO,10804634.8
1995,MZ,0.0
1996,MZ,0.0
1997,MZ,0.0
1998,MZ,0.0
1999,MZ,0.0
2000,MZ,0.0
2001,MZ,0.0
2002,MZ,0.0
2003,MZ,0.0
2004,MZ,0.0
2005,MZ,0.0
2006,MZ,0.0
2007,MZ,0.0
2008,MZ,0.0
2009,MZ,0.0
2010,MZ,0.0
2011,MZ,0.0
2012,MZ,0.0
2013,MZ,0.0
2014,MZ,0.0
2015,MZ,0.0
2016,MZ,0.0
2017,MZ,0.0
2018,MZ,0.0
2019,MZ,0.0
2020,MZ,0.0
2021,MZ,0.0
2022,MZ,0.0
1995,BM,0.0
1996,BM,0.0
1997,BM,0.0
1998,BM,0.0
1999,BM,0.0
2000,BM,0.0
2001,BM,0.0
2002,BM,0.0
2003,BM,0.0
2004,BM,0.0
2005,BM,0.0
2006,BM,0.0
2007,BM,0.0
2008,BM,0.0
2009,BM,0.0
2010,BM,0.0
2011,BM,0.0
2012,BM,0.0
2013,BM,0.0
2014,BM,0.0
2015,BM,0.0
2016,BM,0.0
2017,BM,0.0
2018,BM,0.0
2019,BM,0.0
2020,BM,0.0
2021,BM,0.0
2022,BM,0.0
1995,WA,0.0
1996,WA,0.0
1997,WA,0.0
1998,WA,0.0
1999,WA,0.0
2000,WA,0.0
2001,WA,0.0
2002,WA,0.0
2003,WA,0.0
2004,WA,0.0
2005,WA,0.0
2006,WA,0.0
2007,WA,0.0
2008,WA,0.0
2009,WA,0.0
2010,WA,0.0
2011,WA,0.0
2012,WA,0.0
2013,WA,0.0
2014,WA,0.0
2015,WA,0.0
2016,WA,0.0
2017,WA,0.0
2018,WA,0.0
2019,WA,0.0
2020,WA,0.0
2021,WA,0.0
2022,WA,0.0
1995,NR,0.0
1996,NR,0.0
1997,NR,0.0
1998,NR,0.0
1999,NR,0.0
2000,NR,0.0
2001,NR,0.0
2002,NR,0.0
2003,NR,0.0
2004,NR,0.0
2005,NR,0.0
2006,NR,0.0
2007,NR,0.0
2008,NR,0.0
2009,NR,0.0
2010,NR,0.0
2011,NR,0.0
2012,NR,0.0
2013,NR,0.0
2014,NR,0.0
2015,NR,0.0
2016,NR,0.0
2017,NR,0.0
2018,NR,0.0
2019,NR,0.0
2020,NR,0.0
2021,NR,0.0
2022,NR,0.0
1995,NP,0.0
1996,NP,0.0
1997,NP,0.0
1998,NP,0.0
1999,NP,0.0
2000,NP,0.0
2001,NP,0.0
2002,NP,0.0
2003,NP,0.0
2004,NP,0.0
2005,NP,0.0
2006,NP,0.0
2007,NP,0.0
2008,NP,0.0
2009,NP,0.0
2010,NP,0.0
2011,NP,0.0
2012,NP,0.0
2013,NP,0.0
2014,NP,0.0
2015,NP,0.0
2016,NP,0.0
2017,NP,0.0
2018,NP,0.0
2019,NP,0.0
2020,NP,0.0
2021,NP,0.0
2022,NP,0.0
2010,NL,26417.2
2011,NL,26417.2
2012,NL,26417.2
2013,NL,211337.6
2014,NL,184920.4
2015,NL,211337.6
2016,NL,211337.6
2017,NL,158503.2
2018,NL,158503.2
2019,NL,211337.6
2020,NL,211337.6
2021,NL,211337.6
2022,NL,264172.0
2023,NL,343423.60000000003
1995,NT,0.0
1996,NT,0.0
1997,NT,0.0
1998,NT,0.0
1999,NT,0.0
2000,NT,0.0
2001,NT,0.0
2002,NT,0.0
2003,NT,0.0
2004,NT,0.0
2005,NT,0.0
2006,NT,0.0
2007,NT,0.0
2008,NT,0.0
2009,NT,0.0
2010,NT,0.0
2011,NT,0.0
2012,NT,0.0
2013,NT,0.0
2014,NT,0.0
2015,NT,0.0
2016,NT,0.0
2017,NT,0.0
2018,NT,0.0
2019,NT,0.0
2020,NT,0.0
2021,NT,0.0
2022,NT,0.0
1995,NC,0.0
1996,NC,0.0
1997,NC,0.0
1998,NC,0.0
1999,NC,0.0
2000,NC,0.0
2001,NC,0.0
2002,NC,0.0
2003,NC,0.0
2004,NC,0.0
2005,NC,0.0
2006,NC,0.0
2007,NC,0.0
2008,NC,0.0
2009,NC,0.0
2010,NC,0.0
2011,NC,0.0
2012,NC,0.0
2013,NC,0.0
2014,NC,0.0
2015,NC,0.0
2016,NC,0.0
2017,NC,0.0
2018,NC,0.0
2019,NC,0.0
2020,NC,0.0
2021,NC,0.0
2022,NC,0.0
1995,NZ,14899300.8
1996,NZ,15137055.6
1997,NZ,12099077.6
1998,NZ,16008823.200000001
1999,NZ,15903154.4
2000,NZ,15876737.200000001
2001,NZ,14080367.6
2002,NZ,23511308.0
2003,NZ,14529460.0
2004,NZ,31489302.400000002
2005,NZ,26945544.0
2006,NZ,35187710.4
2007,NZ,38991787.2
2008,NZ,54208094.4
2009,NZ,54155260.0
2010,NZ,50192680.0
2011,NZ,62080420.0
2012,NZ,51249368.0
2013,NZ,65620324.800000004
2014,NZ,84640708.8
2015,NZ,62001168.4
2016,NZ,82923590.8
2017,NZ,75315437.2
2018,NZ,79700692.4
2019,NZ,78564752.8
2020,NZ,86912588.0
2021,NZ,70375420.8
2022,NZ,101177876.0
2023,NZ,95286840.4
1995,NU,0.0
1996,NU,0.0
1997,NU,0.0
1998,NU,0.0
1999,NU,0.0
2000,NU,0.0
2001,NU,0.0
2002,NU,0.0
2003,NU,0.0
2004,NU,0.0
2005,NU,0.0
2006,NU,0.0
2007,NU,0.0
2008,NU,0.0
2009,NU,0.0
2010,NU,0.0
2011,NU,0.0
2012,NU,0.0
2013,NU,0.0
2014,NU,0.0
2015,NU,0.0
2016,NU,0.0
2017,NU,0.0
2018,NU,0.0
2019,NU,0.0
2020,NU,0.0
2021,NU,0.0
2022,NU,0.0
1995,NG,0.0
1996,NG,0.0
1997,NG,0.0
1998,NG,0.0
1999,NG,0.0
2000,NG,0.0
2001,NG,0.0
2002,NG,0.0
2003,NG,0.0
2004,NG,0.0
2005,NG,0.0
2006,NG,0.0
2007,NG,0.0
2008,NG,0.0
2009,NG,0.0
2010,NG,0.0
2011,NG,0.0
2012,NG,0.0
2013,NG,0.0
2014,NG,0.0
2015,NG,0.0
2016,NG,0.0
2017,NG,0.0
2018,NG,0.0
2019,NG,0.0
2020,NG,0.0
2021,NG,0.0
2022,NG,0.0
1995,NI,0.0
1996,NI,0.0
1997,NI,0.0
1998,NI,0.0
1999,NI,0.0
2000,NI,0.0
2001,NI,0.0
2002,NI,0.0
2003,NI,0.0
2004,NI,0.0
2005,NI,0.0
2006,NI,0.0
2007,NI,0.0
2008,NI,0.0
2009,NI,0.0
2010,NI,0.0
2011,NI,0.0
2012,NI,0.0
2013,NI,0.0
2014,NI,0.0
2015,NI,0.0
2016,NI,0.0
2017,NI,0.0
2018,NI,0.0
2019,NI,0.0
2020,NI,0.0
2021,NI,0.0
2022,NI,0.0
1995,NE,0.0
1996,NE,0.0
1997,NE,0.0
1998,NE,0.0
1999,NE,0.0
2000,NE,0.0
2001,NE,0.0
2002,NE,0.0
2003,NE,0.0
2004,NE,0.0
2005,NE,0.0
2006,NE,0.0
2007,NE,0.0
2008,NE,0.0
2009,NE,0.0
2010,NE,0.0
2011,NE,0.0
2012,NE,0.0
2013,NE,0.0
2014,NE,0.0
2015,NE,0.0
2016,NE,0.0
2017,NE,0.0
2018,NE,0.0
2019,NE,0.0
2020,NE,0.0
2021,NE,0.0
2022,NE,0.0
1995,NF,0.0
1996,NF,0.0
1997,NF,0.0
1998,NF,0.0
1999,NF,0.0
2000,NF,0.0
2001,NF,0.0
2002,NF,0.0
2003,NF,0.0
2004,NF,0.0
2005,NF,0.0
2006,NF,0.0
2007,NF,0.0
2008,NF,0.0
2009,NF,0.0
2010,NF,0.0
2011,NF,0.0
2012,NF,0.0
2013,NF,0.0
2014,NF,0.0
2015,NF,0.0
2016,NF,0.0
2017,NF,0.0
2018,NF,0.0
2019,NF,0.0
2020,NF,0.0
2021,NF,0.0
2022,NF,0.0
1995,NO,0.0
1996,NO,0.0
1997,NO,0.0
1998,NO,0.0
1999,NO,0.0
2000,NO,0.0
2001,NO,0.0
2002,NO,0.0
2003,NO,0.0
2004,NO,0.0
2005,NO,0.0
2006,NO,0.0
2007,NO,0.0
2008,NO,0.0
2009,NO,0.0
2010,NO,0.0
2011,NO,0.0
2012,NO,0.0
2013,NO,0.0
2014,NO,0.0
2015,NO,0.0
2016,NO,0.0
2017,NO,0.0
2018,NO,0.0
2019,NO,0.0
2020,NO,0.0
2021,NO,0.0
2022,NO,0.0
1995,MU,0.0
1996,MU,0.0
1997,MU,0.0
1998,MU,0.0
1999,MU,0.0
2000,MU,0.0
2001,MU,0.0
2002,MU,0.0
2003,MU,0.0
2004,MU,0.0
2005,MU,0.0
2006,MU,0.0
2007,MU,0.0
2008,MU,0.0
2009,MU,0.0
2010,MU,0.0
2011,MU,0.0
2012,MU,0.0
2013,MU,0.0
2014,MU,0.0
2015,MU,0.0
2016,MU,0.0
2017,MU,0.0
2018,MU,0.0
2019,MU,0.0
2020,MU,0.0
2021,MU,0.0
2022,MU,0.0
1995,PK,0.0
1996,PK,0.0
1997,PK,0.0
1998,PK,0.0
1999,PK,0.0
2000,PK,0.0
2001,PK,0.0
2002,PK,0.0
2003,PK,0.0
2004,PK,0.0
2005,PK,0.0
2006,PK,0.0
2007,PK,0.0
2008,PK,0.0
2009,PK,0.0
2010,PK,0.0
2011,PK,0.0
2012,PK,0.0
2013,PK,0.0
2014,PK,0.0
2015,PK,0.0
2016,PK,0.0
2017,PK,0.0
2018,PK,0.0
2019,PK,0.0
2020,PK,0.0
2021,PK,0.0
2022,PK,0.0
1995,PS,0.0
1996,PS,0.0
1997,PS,0.0
1998,PS,0.0
1999,PS,0.0
2000,PS,0.0
2001,PS,0.0
2002,PS,0.0
2003,PS,0.0
2004,PS,0.0
2005,PS,0.0
2006,PS,0.0
2007,PS,0.0
2008,PS,0.0
2009,PS,0.0
2010,PS,0.0
2011,PS,0.0
2012,PS,0.0
2013,PS,0.0
2014,PS,0.0
2015,PS,0.0
2016,PS,0.0
2017,PS,0.0
2018,PS,0.0
2019,PS,0.0
2020,PS,0.0
2021,PS,0.0
2022,PS,0.0
1995,PM,52834.4
1996,PM,52834.4
1997,PM,52834.4
1998,PM,52834.4
1999,PM,52834.4
2000,PM,26417.2
2001,PM,26417.2
2002,PM,26417.2
2003,PM,26417.2
2004,PM,26417.2
2005,PM,26417.2
2006,PM,26417.2
2007,PM,26417.2
2008,PM,26417.2
2009,PM,26417.2
2010,PM,52834.4
2011,PM,26417.2
2012,PM,26417.2
2013,PM,26417.2
2014,PM,52834.4
2015,PM,26417.2
2016,PM,26417.2
2017,PM,26417.2
2018,PM,26417.2
2019,PM,26417.2
2020,PM,26417.2
2021,PM,26417.2
2022,PM,26417.2
1995,PP,0.0
1996,PP,0.0
1997,PP,0.0
1998,PP,0.0
1999,PP,0.0
2000,PP,0.0
2001,PP,0.0
2002,PP,0.0
2003,PP,0.0
2004,PP,0.0
2005,PP,0.0
2006,PP,0.0
2007,PP,0.0
2008,PP,0.0
2009,PP,0.0
2010,PP,0.0
2011,PP,0.0
2012,PP,0.0
2013,PP,0.0
2014,PP,0.0
2015,PP,0.0
2016,PP,0.0
2017,PP,0.0
2018,PP,0.0
2019,PP,0.0
2020,PP,0.0
2021,PP,0.0
2022,PP,0.0
1995,PA,2034124.4000000001
1996,PA,2113376.0
1997,PA,2113376.0
1998,PA,2113376.0
1999,PA,1954872.8
2000,PA,1479363.2
2001,PA,1585032.0
2002,PA,1585032.0
2003,PA,1585032.0
2004,PA,1585032.0
2005,PA,422675.2
2006,PA,660430.0
2007,PA,422675.2
2008,PA,369840.8
2009,PA,369840.8
2010,PA,343423.60000000003
2011,PA,369840.8
2012,PA,369840.8
2013,PA,369840.8
2014,PA,396258.0
2015,PA,396258.0
2016,PA,422675.2
2017,PA,422675.2
2018,PA,501926.8
2019,PA,475509.60000000003
2020,PA,449092.4
2021,PA,449092.4
2022,PA,449092.4
1995,PE,2800223.2
1996,PE,2932309.2
1997,PE,3170064.0
1998,PE,3170064.0
1999,PE,3354984.4
2000,PE,8717676.0
2001,PE,9853615.6
2002,PE,10778217.6
2003,PE,12099077.6
2004,PE,12680256.0
2005,PE,15586148.0
2006,PE,15850320.0
2007,PE,16114492.0
2008,PE,16378664.0
2009,PE,13604858.0
2010,PE,13736944.0
2011,PE,16642836.0
2012,PE,17171180.0
2013,PE,18492040.0
2014,PE,19284556.0
2015,PE,19733648.400000002
2016,PE,19812900.0
2017,PE,20209158.0
2018,PE,21662104.0
2019,PE,21662104.0
2020,PE,21397932.0
2021,PE,21397932.0
2022,PE,21397932.0
1995,RP,0.0
1996,RP,0.0
1997,RP,0.0
1998,RP,0.0
1999,RP,0.0
2000,RP,0.0
2001,RP,0.0
2002,RP,0.0
2003,RP,0.0
2004,RP,0.0
2005,RP,0.0
2006,RP,0.0
2007,RP,0.0
2008,RP,0.0
2009,RP,0.0
2010,RP,0.0
2011,RP,0.0
2012,RP,0.0
2013,RP,0.0
2014,RP,0.0
2015,RP,0.0
2016,RP,0.0
2017,RP,0.0
2018,RP,0.0
2019,RP,0.0
2020,RP,0.0
2021,RP,0.0
2022,RP,0.0
1995,PL,0.0
1996,PL,0.0
1997,PL,0.0
1998,PL,0.0
1999,PL,0.0
2000,PL,0.0
2001,PL,0.0
2002,PL,0.0
2003,PL,0.0
2004,PL,0.0
2005,PL,0.0
2006,PL,0.0
2007,PL,0.0
2008,PL,0.0
2009,PL,0.0
2010,PL,0.0
2011,PL,0.0
2012,PL,0.0
2013,PL,132086.0
2014,PL,132086.0
2015,PL,132086.0
2016,PL,132086.0
2017,PL,132086.0
2018,PL,132086.0
2019,PL,132086.0
2020,PL,132086.0
2021,PL,132086.0
2022,PL,132086.0
1995,PO,191656786.0
1996,PO,256563846.4
1997,PO,161778932.8
1998,PO,99064500.0
1999,PO,207216516.8
2000,PO,177259412.0
2001,PO,205763570.8
2002,PO,176387644.4
2003,PO,193902248.0
2004,PO,197627073.20000002
2005,PO,191947375.20000002
2006,PO,199238522.4
2007,PO,160431655.6
2008,PO,150287450.8
2009,PO,155702976.8
2010,PO,188830145.6
2011,PO,148517498.4
2012,PO,167141624.4
2013,PO,164605573.20000002
2014,PO,163945143.20000002
2015,PO,186188425.6
2016,PO,158767372.0
2017,PO,177972676.4
2018,PO,160088232.0
2019,PO,172425064.4
2020,PO,169545589.6
2021,PO,194404174.8
2022,PO,180904985.6
2023,PO,198683761.20000002
1995,QA,0.0
1996,QA,0.0
1997,QA,0.0
1998,QA,0.0
1999,QA,0.0
2000,QA,0.0
2001,QA,0.0
2002,QA,0.0
2003,QA,0.0
2004,QA,0.0
2005,QA,0.0
2006,QA,0.0
2007,QA,0.0
2008,QA,0.0
2009,QA,0.0
2010,QA,0.0
2011,QA,0.0
2012,QA,0.0
2013,QA,0.0
2014,QA,0.0
2015,QA,0.0
2016,QA,0.0
2017,QA,0.0
2018,QA,0.0
2019,QA,0.0
2020,QA,0.0
2021,QA,0.0
2022,QA,0.0
1995,MK,24066069.2
1996,MK,26681372.0
1997,MK,25307677.6
1998,MK,32413904.400000002
1999,MK,24092486.400000002
2000,MK,25386929.2
2001,MK,21926276.0
2002,MK,11808488.4
2003,MK,24567996.0
2004,MK,27949397.6
2005,MK,22084779.2
2006,MK,16246578.0
2007,MK,28398490.0
2008,MK,24409492.8
2009,MK,25228426.0
2010,MK,20394078.400000002
2011,MK,17567438.0
2012,MK,20631833.2
2013,MK,27051212.8
2014,MK,20869588.0
2015,MK,28953251.2
2016,MK,27817311.6
2017,MK,17356100.400000002
2018,MK,27104047.2
2019,MK,23933983.2
2020,MK,24726499.2
2021,MK,24726499.2
2022,MK,24726499.2
1995,TU,8400669.6
1996,TU,9589443.6
1997,TU,8876179.200000001
1998,TU,9113934.0
1999,TU,6974140.8
2000,TU,6551465.600000001
2001,TU,7079809.600000001
2002,TU,6921306.4
2003,TU,5943870.0
2004,TU,8162914.8
2005,TU,7581736.4
2006,TU,6683551.600000001
2007,TU,6445796.8
2008,TU,10381959.6
2009,TU,12574587.200000001
2010,TU,15876737.200000001
2011,TU,15084221.200000001
2012,TU,14423791.200000001
2013,TU,15955988.8
2014,TU,15955988.8
2015,TU,16299412.4
2016,TU,13102931.200000001
2017,TU,17012676.8
2018,TU,19918568.8
2019,TU,19152470.0
2020,TU,16431498.4
2021,TU,16431498.4
2022,TU,16431498.4
1995,RE,0.0
1996,RE,0.0
1997,RE,0.0
1998,RE,0.0
1999,RE,0.0
2000,RE,0.0
2001,RE,0.0
2002,RE,0.0
2003,RE,0.0
2004,RE,0.0
2005,RE,0.0
2006,RE,0.0
2007,RE,0.0
2008,RE,0.0
2009,RE,0.0
2010,RE,0.0
2011,RE,0.0
2012,RE,0.0
2013,RE,0.0
2014,RE,0.0
2015,RE,0.0
2016,RE,0.0
2017,RE,0.0
2018,RE,0.0
2019,RE,0.0
2020,RE,0.0
2021,RE,0.0
2022,RE,0.0
1995,RO,177523584.0
1996,RO,202435003.6
1997,RO,176678233.6
1998,RO,132138834.4
1999,RO,159929728.8
2000,RO,144132243.20000002
2001,RO,134463548.0
2002,RO,144264329.20000002
2003,RO,146747546.0
2004,RO,162888455.20000002
2005,RO,68737554.4
2006,RO,132455840.8
2007,RO,139720570.8
2008,RO,136286334.8
2009,RO,177074491.6
2010,RO,86833336.4
2011,RO,107200997.60000001
2012,RO,87467349.2
2013,RO,135071143.6
2014,RO,99064500.0
2015,RO,95841601.60000001
2016,RO,86304992.4
2017,RO,114043052.4
2018,RO,134410713.6
2019,RO,100596697.60000001
2020,RO,101151458.8
2021,RO,117582957.2
2022,RO,100068353.60000001
2023,RO,121254948.0
1995,RS,56796980.0
1996,RS,67363860.0
1997,RS,58910356.0
1998,RS,57298906.800000004
1999,RS,67628032.0
2000,RS,80572460.0
2001,RS,90610996.0
2002,RS,107253832.0
2003,RS,119669916.0
2004,RS,135256064.0
2005,RS,121254948.0
2006,RS,165900016.0
2007,RS,192317216.0
2008,RS,187826292.0
2009,RS,103317669.2
2010,RS,178474603.20000002
2011,RS,164896162.4
2012,RS,151212052.8
2013,RS,133803118.0
2014,RS,124477846.4
2015,RS,148015571.6
2016,RS,136656175.6
2017,RS,118375473.2
2018,RS,113409039.60000001
2019,RS,122047464.0
2020,RS,117107447.60000001
2021,RS,113409039.60000001
2022,RS,131980331.2
2023,RS,118824565.60000001
1995,RW,0.0
1996,RW,0.0
1997,RW,0.0
1998,RW,0.0
1999,RW,0.0
2000,RW,0.0
2001,RW,0.0
2002,RW,0.0
2003,RW,0.0
2004,RW,0.0
2005,RW,0.0
2006,RW,0.0
2007,RW,0.0
2008,RW,0.0
2009,RW,0.0
2010,RW,0.0
2011,RW,0.0
2012,RW,0.0
2013,RW,0.0
2014,RW,0.0
2015,RW,0.0
2016,RW,0.0
2017,RW,0.0
2018,RW,0.0
2019,RW,0.0
2020,RW,0.0
2021,RW,0.0
2022,RW,0.0
1995,SH,0.0
1996,SH,0.0
1997,SH,0.0
1998,SH,0.0
1999,SH,0.0
2000,SH,0.0
2001,SH,0.0
2002,SH,0.0
2003,SH,0.0
2004,SH,0.0
2005,SH,0.0
2006,SH,0.0
2007,SH,0.0
2008,SH,0.0
2009,SH,0.0
2010,SH,0.0
2011,SH,0.0
2012,SH,0.0
2013,SH,0.0
2014,SH,0.0
2015,SH,0.0
2016,SH,0.0
2017,SH,0.0
2018,SH,0.0
2019,SH,0.0
2020,SH,0.0
2021,SH,0.0
2022,SH,0.0
1995,SC,0.0
1996,SC,0.0
1997,SC,0.0
1998,SC,0.0
1999,SC,0.0
2000,SC,0.0
2001,SC,0.0
2002,SC,0.0
2003,SC,0.0
2004,SC,0.0
2005,SC,0.0
2006,SC,0.0
2007,SC,0.0
2008,SC,0.0
2009,SC,0.0
2010,SC,0.0
2011,SC,0.0
2012,SC,0.0
2013,SC,0.0
2014,SC,0.0
2015,SC,0.0
2016,SC,0.0
2017,SC,0.0
2018,SC,0.0
2019,SC,0.0
2020,SC,0.0
2021,SC,0.0
2022,SC,0.0
1995,ST,0.0
1996,ST,0.0
1997,ST,0.0
1998,ST,0.0
1999,ST,0.0
2000,ST,0.0
2001,ST,0.0
2002,ST,0.0
2003,ST,0.0
2004,ST,0.0
2005,ST,0.0
2006,ST,0.0
2007,ST,0.0
2008,ST,0.0
2009,ST,0.0
2010,ST,0.0
2011,ST,0.0
2012,ST,0.0
2013,ST,0.0
2014,ST,0.0
2015,ST,0.0
2016,ST,0.0
2017,ST,0.0
2018,ST,0.0
2019,ST,0.0
2020,ST,0.0
2021,ST,0.0
2022,ST,0.0
1995,SB,0.0
1996,SB,0.0
1997,SB,0.0
1998,SB,0.0
1999,SB,0.0
2000,SB,0.0
2001,SB,0.0
2002,SB,0.0
2003,SB,0.0
2004,SB,0.0
2005,SB,0.0
2006,SB,0.0
2007,SB,0.0
2008,SB,0.0
2009,SB,0.0
2010,SB,0.0
2011,SB,0.0
2012,SB,0.0
2013,SB,0.0
2014,SB,0.0
2015,SB,0.0
2016,SB,0.0
2017,SB,0.0
2018,SB,0.0
2019,SB,0.0
2020,SB,0.0
2021,SB,0.0
2022,SB,0.0
1995,VC,0.0
1996,VC,0.0
1997,VC,0.0
1998,VC,0.0
1999,VC,0.0
2000,VC,0.0
2001,VC,0.0
2002,VC,0.0
2003,VC,0.0
2004,VC,0.0
2005,VC,0.0
2006,VC,0.0
2007,VC,0.0
2008,VC,0.0
2009,VC,0.0
2010,VC,0.0
2011,VC,0.0
2012,VC,0.0
2013,VC,0.0
2014,VC,0.0
2015,VC,0.0
2016,VC,0.0
2017,VC,0.0
2018,VC,0.0
2019,VC,0.0
2020,VC,0.0
2021,VC,0.0
2022,VC,0.0
1995,WS,0.0
1996,WS,0.0
1997,WS,0.0
1998,WS,0.0
1999,WS,0.0
2000,WS,0.0
2001,WS,0.0
2002,WS,0.0
2003,WS,0.0
2004,WS,0.0
2005,WS,0.0
2006,WS,0.0
2007,WS,0.0
2008,WS,0.0
2009,WS,0.0
2010,WS,0.0
2011,WS,0.0
2012,WS,0.0
2013,WS,0.0
2014,WS,0.0
2015,WS,0.0
2016,WS,0.0
2017,WS,0.0
2018,WS,0.0
2019,WS,0.0
2020,WS,0.0
2021,WS,0.0
2022,WS,0.0
1995,SM,0.0
1996,SM,0.0
1997,SM,0.0
1998,SM,0.0
1999,SM,0.0
2000,SM,0.0
2001,SM,0.0
2002,SM,0.0
2003,SM,0.0
2004,SM,0.0
2005,SM,0.0
2006,SM,0.0
2007,SM,0.0
2008,SM,0.0
2009,SM,0.0
2010,SM,0.0
2011,SM,0.0
2012,SM,0.0
2013,SM,0.0
2014,SM,0.0
2015,SM,0.0
2016,SM,0.0
2017,SM,0.0
2018,SM,0.0
2019,SM,0.0
2020,SM,0.0
2021,SM,0.0
2022,SM,0.0
1995,TP,0.0
1996,TP,0.0
1997,TP,0.0
1998,TP,0.0
1999,TP,0.0
2000,TP,0.0
2001,TP,0.0
2002,TP,0.0
2003,TP,0.0
2004,TP,0.0
2005,TP,0.0
2006,TP,0.0
2007,TP,0.0
2008,TP,0.0
2009,TP,0.0
2010,TP,0.0
2011,TP,0.0
2012,TP,0.0
2013,TP,0.0
2014,TP,0.0
2015,TP,0.0
2016,TP,0.0
2017,TP,0.0
2018,TP,0.0
2019,TP,0.0
2020,TP,0.0
2021,TP,0.0
2022,TP,0.0
1995,SA,0.0
1996,SA,0.0
1997,SA,0.0
1998,SA,0.0
1999,SA,0.0
2000,SA,0.0
2001,SA,0.0
2002,SA,0.0
2003,SA,0.0
2004,SA,0.0
2005,SA,0.0
2006,SA,0.0
2007,SA,0.0
2008,SA,0.0
2009,SA,0.0
2010,SA,0.0
2011,SA,0.0
2012,SA,0.0
2013,SA,0.0
2014,SA,0.0
2015,SA,0.0
2016,SA,0.0
2017,SA,0.0
2018,SA,0.0
2019,SA,0.0
2020,SA,0.0
2021,SA,0.0
2022,SA,0.0
1995,SG,0.0
1996,SG,0.0
1997,SG,0.0
1998,SG,0.0
1999,SG,0.0
2000,SG,0.0
2001,SG,0.0
2002,SG,0.0
2003,SG,0.0
2004,SG,0.0
2005,SG,0.0
2006,SG,0.0
2007,SG,0.0
2008,SG,0.0
2009,SG,0.0
2010,SG,0.0
2011,SG,0.0
2012,SG,0.0
2013,SG,0.0
2014,SG,0.0
2015,SG,0.0
2016,SG,0.0
2017,SG,0.0
2018,SG,0.0
2019,SG,0.0
2020,SG,0.0
2021,SG,0.0
2022,SG,0.0
2006,RI,34131022.4
2007,RI,44116724.0
2008,RI,50958778.800000004
2009,RI,63189942.4
2010,RI,31700640.0
2011,RI,51487122.800000004
2012,RI,41765593.2
2013,RI,31700640.0
2014,RI,19390224.8
2015,RI,20024237.6
2016,RI,17118345.6
2017,RI,19443059.2
2018,RI,18782629.2
2019,RI,16299412.4
2020,RI,14740797.6
2021,RI,14370956.8
2022,RI,14370956.8
2023,RI,14370956.8
1995,SE,0.0
1996,SE,0.0
1997,SE,0.0
1998,SE,0.0
1999,SE,0.0
2000,SE,0.0
2001,SE,0.0
2002,SE,0.0
2003,SE,0.0
2004,SE,0.0
2005,SE,0.0
2006,SE,0.0
2007,SE,0.0
2008,SE,0.0
2009,SE,0.0
2010,SE,0.0
2011,SE,0.0
2012,SE,0.0
2013,SE,0.0
2014,SE,0.0
2015,SE,0.0
2016,SE,0.0
2017,SE,0.0
2018,SE,0.0
2019,SE,0.0
2020,SE,0.0
2021,SE,0.0
2022,SE,0.0
1995,SL,0.0
1996,SL,0.0
1997,SL,0.0
1998,SL,0.0
1999,SL,0.0
2000,SL,0.0
2001,SL,0.0
2002,SL,0.0
2003,SL,0.0
2004,SL,0.0
2005,SL,0.0
2006,SL,0.0
2007,SL,0.0
2008,SL,0.0
2009,SL,0.0
2010,SL,0.0
2011,SL,0.0
2012,SL,0.0
2013,SL,0.0
2014,SL,0.0
2015,SL,0.0
2016,SL,0.0
2017,SL,0.0
2018,SL,0.0
2019,SL,0.0
2020,SL,0.0
2021,SL,0.0
2022,SL,0.0
1995,SN,0.0
1996,SN,0.0
1997,SN,0.0
1998,SN,0.0
1999,SN,0.0
2000,SN,0.0
2001,SN,0.0
2002,SN,0.0
2003,SN,0.0
2004,SN,0.0
2005,SN,0.0
2006,SN,0.0
2007,SN,0.0
2008,SN,0.0
2009,SN,0.0
2010,SN,0.0
2011,SN,0.0
2012,SN,0.0
2013,SN,0.0
2014,SN,0.0
2015,SN,0.0
2016,SN,0.0
2017,SN,0.0
2018,SN,0.0
2019,SN,0.0
2020,SN,0.0
2021,SN,0.0
2022,SN,0.0
1995,LO,17488186.400000002
1996,LO,9932867.200000001
1997,LO,15480479.200000001
1998,LO,12944428.0
1999,LO,13129348.4
2000,LO,12918010.8
2001,LO,12680256.0
2002,LO,8770510.4
2003,LO,11385813.200000001
2004,LO,9615860.8
2005,LO,7713822.4
2006,LO,10566880.0
2007,LO,8981848.0
2008,LO,10963138.0
2009,LO,8717676.0
2010,LO,5019268.0
2011,LO,9061099.6
2012,LO,8189332.0
2013,LO,8400669.6
2014,LO,6815637.600000001
2015,LO,8981848.0
2016,LO,8162914.8
2017,LO,7872325.600000001
2018,LO,10064953.200000001
2019,LO,8427086.8
2020,LO,9325271.6
2021,LO,9140351.200000001
2022,LO,8770510.4
2023,LO,6709968.8
1995,SI,20631833.2
1996,SI,14238870.8
1997,SI,15321976.0
1998,SI,12785924.8
1999,SI,9695112.4
2000,SI,10883886.4
2001,SI,17039094.0
2002,SI,14265288.0
2003,SI,17725941.2
2004,SI,13367103.200000001
2005,SI,16748504.8
2006,SI,13921864.4
2007,SI,17541020.8
2008,SI,14661546.0
2009,SI,15638982.4
2010,SI,15057804.0
2011,SI,16854173.6
2012,SI,12785924.8
2013,SI,13895447.200000001
2014,SI,13050096.8
2015,SI,16299412.4
2016,SI,19522310.8
2017,SI,16642836.0
2018,SI,23484890.8
2019,SI,20024237.6
2020,SI,19627979.6
2021,SI,15348393.200000001
2022,SI,14423791.200000001
2023,SI,15269141.6
1995,BP,0.0
1996,BP,0.0
1997,BP,0.0
1998,BP,0.0
1999,BP,0.0
2000,BP,0.0
2001,BP,0.0
2002,BP,0.0
2003,BP,0.0
2004,BP,0.0
2005,BP,0.0
2006,BP,0.0
2007,BP,0.0
2008,BP,0.0
2009,BP,0.0
2010,BP,0.0
2011,BP,0.0
2012,BP,0.0
2013,BP,0.0
2014,BP,0.0
2015,BP,0.0
2016,BP,0.0
2017,BP,0.0
2018,BP,0.0
2019,BP,0.0
2020,BP,0.0
2021,BP,0.0
2022,BP,0.0
1995,SO,0.0
1996,SO,0.0
1997,SO,0.0
1998,SO,0.0
1999,SO,0.0
2000,SO,0.0
2001,SO,0.0
2002,SO,0.0
2003,SO,0.0
2004,SO,0.0
2005,SO,0.0
2006,SO,0.0
2007,SO,0.0
2008,SO,0.0
2009,SO,0.0
2010,SO,0.0
2011,SO,0.0
2012,SO,0.0
2013,SO,0.0
2014,SO,0.0
2015,SO,0.0
2016,SO,0.0
2017,SO,0.0
2018,SO,0.0
2019,SO,0.0
2020,SO,0.0
2021,SO,0.0
2022,SO,0.0
1995,SF,220293030.8
1996,SF,223251757.20000002
1997,SF,214375578.0
1998,SF,203491691.6
1999,SF,210492249.6
2000,SF,183573122.8
2001,SF,170945701.20000002
2002,SF,189913250.8
2003,SF,233871471.6
2004,SF,245125198.8
2005,SF,222062983.20000002
2006,SF,248268845.6
2007,SF,258439467.6
2008,SF,268530838.0
2009,SF,263802159.20000002
2010,SF,246393224.4
2011,SF,256907270.0
2012,SF,279203386.8
2013,SF,290113690.40000004
2014,SF,302741112.0
2015,SF,296691573.2
2016,SF,278199533.2
2017,SF,285834104.0
2018,SF,251042651.6
2019,SF,256378926.0
2020,SF,274342622.0
2021,SF,285992607.2
2022,SF,273074596.40000004
2023,SF,245838463.20000002
1995,OD,0.0
1996,OD,0.0
1997,OD,0.0
1998,OD,0.0
1999,OD,0.0
2000,OD,0.0
2001,OD,0.0
2002,OD,0.0
2003,OD,0.0
2004,OD,0.0
2005,OD,0.0
2006,OD,0.0
2007,OD,0.0
2008,OD,0.0
2009,OD,0.0
2010,OD,0.0
2011,OD,0.0
2012,OD,0.0
2013,OD,0.0
2014,OD,0.0
2015,OD,0.0
2016,OD,0.0
2017,OD,0.0
2018,OD,0.0
2019,OD,0.0
2020,OD,0.0
2021,OD,0.0
2022,OD,0.0
1995,SP,551485467.2
1996,SP,818933200.0
1997,SP,877526549.6
1998,SP,823556210.0
1999,SP,890867235.6
2000,SP,1101385902.4
2001,SP,805724600.0
2002,SP,884395021.6
2003,SP,1105374899.6000001
2004,SP,1135622593.6000001
2005,SP,955193117.6
2006,SP,1011065495.6
2007,SP,961797417.6
2008,SP,948720903.6
2009,SP,953475999.6
2010,SP,933927271.6
2011,SP,882255228.4
2012,SP,822182515.6
2013,SP,1196910497.6000001
2014,SP,1043320896.8000001
2015,SP,996007691.6
2016,SP,1055895484.0
2017,SP,858030656.0
2018,SP,1187004047.6000001
2019,SP,889625627.2
2020,SP,1081757922.8
2021,SP,932632828.8000001
2022,SP,945233833.2
2023,SP,748293607.2
1995,CE,0.0
1996,CE,0.0
1997,CE,0.0
1998,CE,0.0
1999,CE,0.0
2000,CE,0.0
2001,CE,0.0
2002,CE,0.0
2003,CE,0.0
2004,CE,0.0
2005,CE,0.0
2006,CE,0.0
2007,CE,0.0
2008,CE,0.0
2009,CE,0.0
2010,CE,0.0
2011,CE,0.0
2012,CE,0.0
2013,CE,0.0
2014,CE,0.0
2015,CE,0.0
2016,CE,0.0
2017,CE,0.0
2018,CE,0.0
2019,CE,0.0
2020,CE,0.0
2021,CE,0.0
2022,CE,0.0
1995,WE,0.0
1996,WE,0.0
1997,WE,0.0
1998,WE,0.0
1999,WE,0.0
2000,WE,0.0
2001,WE,0.0
2002,WE,0.0
2003,WE,0.0
2004,WE,0.0
2005,WE,0.0
2006,WE,0.0
2007,WE,0.0
2008,WE,0.0
2009,WE,0.0
2010,WE,0.0
2011,WE,0.0
2012,WE,0.0
2013,WE,0.0
2014,WE,0.0
2015,WE,0.0
2016,WE,0.0
2017,WE,0.0
2018,WE,0.0
2019,WE,0.0
2020,WE,0.0
2021,WE,0.0
2022,WE,0.0
1995,SU,0.0
1996,SU,0.0
1997,SU,0.0
1998,SU,0.0
1999,SU,0.0
2000,SU,0.0
2001,SU,0.0
2002,SU,0.0
2003,SU,0.0
2004,SU,0.0
2005,SU,0.0
2006,SU,0.0
2007,SU,0.0
2008,SU,0.0
2009,SU,0.0
2010,SU,0.0
2011,SU,0.0
2012,SU,0.0
2013,SU,0.0
2014,SU,0.0
2015,SU,0.0
2016,SU,0.0
2017,SU,0.0
2018,SU,0.0
2019,SU,0.0
2020,SU,0.0
2021,SU,0.0
2022,SU,0.0
1995,NS,0.0
1996,NS,0.0
1997,NS,0.0
1998,NS,0.0
1999,NS,0.0
2000,NS,0.0
2001,NS,0.0
2002,NS,0.0
2003,NS,0.0
2004,NS,0.0
2005,NS,0.0
2006,NS,0.0
2007,NS,0.0
2008,NS,0.0
2009,NS,0.0
2010,NS,0.0
2011,NS,0.0
2012,NS,0.0
2013,NS,0.0
2014,NS,0.0
2015,NS,0.0
2016,NS,0.0
2017,NS,0.0
2018,NS,0.0
2019,NS,0.0
2020,NS,0.0
2021,NS,0.0
2022,NS,0.0
1995,SW,0.0
1996,SW,0.0
1997,SW,0.0
1998,SW,0.0
1999,SW,0.0
2000,SW,0.0
2001,SW,0.0
2002,SW,0.0
2003,SW,0.0
2004,SW,0.0
2005,SW,0.0
2006,SW,0.0
2007,SW,0.0
2008,SW,0.0
2009,SW,0.0
2010,SW,0.0
2011,SW,0.0
2012,SW,0.0
2013,SW,0.0
2014,SW,0.0
2015,SW,0.0
2016,SW,0.0
2017,SW,0.0
2018,SW,0.0
2019,SW,0.0
2020,SW,0.0
2021,SW,0.0
2022,SW,0.0
1995,SZ,31198713.2
1996,SZ,34448028.800000004
1997,SZ,27605974.0
1998,SZ,30960958.400000002
1999,SZ,34659366.4
2000,SZ,33708347.2
2001,SZ,30987375.6
2002,SZ,29375926.400000002
2003,SZ,25545432.400000002
2004,SZ,30617534.8
2005,SZ,26443617.2
2006,SZ,26707789.2
2007,SZ,27447470.8
2008,SZ,28319238.400000002
2009,SZ,29375926.400000002
2010,SZ,27209716.0
2011,SZ,29560846.8
2012,SZ,26522868.8
2013,SZ,22164030.8
2014,SZ,24673664.8
2015,SZ,22454620.0
2016,SZ,28451324.400000002
2017,SZ,20922422.400000002
2018,SZ,29375926.400000002
2019,SZ,25862438.8
2020,SZ,22031944.8
2021,SZ,16088074.8
2022,SZ,26205862.400000002
2023,SZ,26681372.0
1995,SY,52834.4
1996,SY,79251.6
1997,SY,79251.6
1998,SY,52834.4
1999,SY,52834.4
2000,SY,79251.6
2001,SY,79251.6
2002,SY,79251.6
2003,SY,79251.6
2004,SY,79251.6
2005,SY,52834.4
2006,SY,52834.4
2007,SY,52834.4
2008,SY,52834.4
2009,SY,52834.4
2010,SY,26417.2
2011,SY,26417.2
2012,SY,26417.2
2013,SY,26417.2
2014,SY,0.0
2015,SY,26417.2
2016,SY,26417.2
2017,SY,26417.2
2018,SY,0.0
2019,SY,0.0
2020,SY,0.0
2021,SY,0.0
2022,SY,0.0
1995,TI,2509634.0
1996,TI,3460653.2
1997,TI,2166210.4
1998,TI,1717118.0
1999,TI,1373694.4000000001
2000,TI,1030270.8
2001,TI,1479363.2
2002,TI,1585032.0
2003,TI,528344.0
2004,TI,1637866.4000000001
2005,TI,1320860.0
2006,TI,1056688.0
2007,TI,52834.4
2008,TI,79251.6
2009,TI,79251.6
2010,TI,52834.4
2011,TI,52834.4
2012,TI,52834.4
2013,TI,52834.4
2014,TI,52834.4
2015,TI,26417.2
2016,TI,52834.4
2017,TI,52834.4
2018,TI,52834.4
2019,TI,52834.4
2020,TI,52834.4
2021,TI,52834.4
2022,TI,52834.4
1995,TZ,0.0
1996,TZ,0.0
1997,TZ,0.0
1998,TZ,0.0
1999,TZ,0.0
2000,TZ,0.0
2001,TZ,0.0
2002,TZ,0.0
2003,TZ,0.0
2004,TZ,0.0
2005,TZ,0.0
2006,TZ,0.0
2007,TZ,0.0
2008,TZ,0.0
2009,TZ,0.0
2010,TZ,0.0
2011,TZ,0.0
2012,TZ,0.0
2013,TZ,0.0
2014,TZ,0.0
2015,TZ,0.0
2016,TZ,0.0
2017,TZ,0.0
2018,TZ,0.0
2019,TZ,0.0
2020,TZ,0.0
2021,TZ,0.0
2022,TZ,0.0
1995,TH,0.0
1996,TH,0.0
1997,TH,0.0
1998,TH,0.0
1999,TH,0.0
2000,TH,0.0
2001,TH,0.0
2002,TH,0.0
2003,TH,0.0
2004,TH,0.0
2005,TH,0.0
2006,TH,0.0
2007,TH,0.0
2008,TH,0.0
2009,TH,0.0
2010,TH,0.0
2011,TH,0.0
2012,TH,0.0
2013,TH,0.0
2014,TH,0.0
2015,TH,0.0
2016,TH,0.0
2017,TH,0.0
2018,TH,0.0
2019,TH,0.0
2020,TH,0.0
2021,TH,0.0
2022,TH,0.0
1995,TT,0.0
1996,TT,0.0
1997,TT,0.0
1998,TT,0.0
1999,TT,0.0
2000,TT,0.0
2001,TT,0.0
2002,TT,0.0
2003,TT,0.0
2004,TT,0.0
2005,TT,0.0
2006,TT,0.0
2007,TT,0.0
2008,TT,0.0
2009,TT,0.0
2010,TT,0.0
2011,TT,0.0
2012,TT,0.0
2013,TT,0.0
2014,TT,0.0
2015,TT,0.0
2016,TT,0.0
2017,TT,0.0
2018,TT,0.0
2019,TT,0.0
2020,TT,0.0
2021,TT,0.0
2022,TT,0.0
1995,TO,0.0
1996,TO,0.0
1997,TO,0.0
1998,TO,0.0
1999,TO,0.0
2000,TO,0.0
2001,TO,0.0
2002,TO,0.0
2003,TO,0.0
2004,TO,0.0
2005,TO,0.0
2006,TO,0.0
2007,TO,0.0
2008,TO,0.0
2009,TO,0.0
2010,TO,0.0
2011,TO,0.0
2012,TO,0.0
2013,TO,0.0
2014,TO,0.0
2015,TO,0.0
2016,TO,0.0
2017,TO,0.0
2018,TO,0.0
2019,TO,0.0
2020,TO,0.0
2021,TO,0.0
2022,TO,0.0
1995,TN,0.0
1996,TN,0.0
1997,TN,0.0
1998,TN,0.0
1999,TN,0.0
2000,TN,0.0
2001,TN,0.0
2002,TN,0.0
2003,TN,0.0
2004,TN,0.0
2005,TN,0.0
2006,TN,0.0
2007,TN,0.0
2008,TN,0.0
2009,TN,0.0
2010,TN,0.0
2011,TN,0.0
2012,TN,0.0
2013,TN,0.0
2014,TN,0.0
2015,TN,0.0
2016,TN,0.0
2017,TN,0.0
2018,TN,0.0
2019,TN,0.0
2020,TN,0.0
2021,TN,0.0
2022,TN,0.0
1995,TD,0.0
1996,TD,0.0
1997,TD,0.0
1998,TD,0.0
1999,TD,0.0
2000,TD,0.0
2001,TD,0.0
2002,TD,0.0
2003,TD,0.0
2004,TD,0.0
2005,TD,0.0
2006,TD,0.0
2007,TD,0.0
2008,TD,0.0
2009,TD,0.0
2010,TD,0.0
2011,TD,0.0
2012,TD,0.0
2013,TD,0.0
2014,TD,0.0
2015,TD,0.0
2016,TD,0.0
2017,TD,0.0
2018,TD,0.0
2019,TD,0.0
2020,TD,0.0
2021,TD,0.0
2022,TD,0.0
1995,TS,7713822.4
1996,TS,5838201.2
1997,TS,9827198.4
1998,TS,9298854.4
1999,TS,12363249.6
2000,TS,10487628.4
2001,TS,8189332.0
2002,TS,6974140.8
2003,TS,6208042.0
2004,TS,9457357.6
2005,TS,7555319.2
2006,TS,9166768.4
2007,TS,5706115.2
2008,TS,7687405.2
2009,TS,6472214.0
2010,TS,5864618.4
2011,TS,6075956.0
2012,TS,7502484.8
2013,TS,8664841.6
2014,TS,8453504.0
2015,TS,8585590.0
2016,TS,8057246.0
2017,TS,8057246.0
2018,TS,8453504.0
2019,TS,9774364.0
2020,TS,9246020.0
2021,TS,9246020.0
2022,TS,9246020.0
1995,TX,12997262.4
1996,TX,3962580.0
1997,TX,9510192.0
1998,TX,9510192.0
1999,TX,9351688.8
2000,TX,9510192.0
2001,TX,10461211.200000001
2002,TX,10619714.4
2003,TX,10778217.6
2004,TX,11095224.0
2005,TX,11412230.4
2006,TX,11570733.6
2007,TX,11729236.8
2008,TX,10302708.0
2009,TX,10619714.4
2010,TX,9959284.4
2011,TX,9985701.6
2012,TX,9959284.4
2013,TX,9959284.4
2014,TX,10012118.8
2015,TX,10117787.6
2016,TX,10091370.4
2017,TX,10170622.0
2018,TX,10223456.4
2019,TX,13076514.0
2020,TX,13155765.6
2021,TX,13155765.6
2022,TX,13155765.6
1995,TV,0.0
1996,TV,0.0
1997,TV,0.0
1998,TV,0.0
1999,TV,0.0
2000,TV,0.0
2001,TV,0.0
2002,TV,0.0
2003,TV,0.0
2004,TV,0.0
2005,TV,0.0
2006,TV,0.0
2007,TV,0.0
2008,TV,0.0
2009,TV,0.0
2010,TV,0.0
2011,TV,0.0
2012,TV,0.0
2013,TV,0.0
2014,TV,0.0
2015,TV,0.0
2016,TV,0.0
2017,TV,0.0
2018,TV,0.0
2019,TV,0.0
2020,TV,0.0
2021,TV,0.0
2022,TV,0.0
1995,UG,0.0
1996,UG,0.0
1997,UG,0.0
1998,UG,0.0
1999,UG,0.0
2000,UG,0.0
2001,UG,0.0
2002,UG,0.0
2003,UG,0.0
2004,UG,0.0
2005,UG,0.0
2006,UG,0.0
2007,UG,0.0
2008,UG,0.0
2009,UG,0.0
2010,UG,0.0
2011,UG,0.0
2012,UG,0.0
2013,UG,0.0
2014,UG,0.0
2015,UG,0.0
2016,UG,0.0
2017,UG,0.0
2018,UG,0.0
2019,UG,0.0
2020,UG,0.0
2021,UG,0.0
2022,UG,0.0
1995,UP,49135992.0
1996,UP,45437584.0
1997,UP,40946660.0
1998,UP,33285672.0
1999,UP,33021500.0
2000,UP,34078188.0
2001,UP,47022616.0
2002,UP,64193796.0
2003,UP,62872936.0
2004,UP,53151406.4
2005,UP,56268636.0
2006,UP,57061152.0
2007,UP,66465675.2
2008,UP,70031997.2
2009,UP,84033113.2
2010,UP,79304434.4
2011,UP,83742524.0
2012,UP,63401280.0
2013,UP,74681424.4
2014,UP,32466738.8
2015,UP,24303824.0
2016,UP,32810162.400000002
2017,UP,27447470.8
2018,UP,26681372.0
2019,UP,26153028.0
2020,UP,17435352.0
2021,UP,17435352.0
2022,UP,17435352.0
1995,AE,0.0
1996,AE,0.0
1997,AE,0.0
1998,AE,0.0
1999,AE,0.0
2000,AE,0.0
2001,AE,0.0
2002,AE,0.0
2003,AE,0.0
2004,AE,0.0
2005,AE,0.0
2006,AE,0.0
2007,AE,0.0
2008,AE,0.0
2009,AE,0.0
2010,AE,0.0
2011,AE,0.0
2012,AE,0.0
2013,AE,0.0
2014,AE,0.0
2015,AE,0.0
2016,AE,0.0
2017,AE,0.0
2018,AE,0.0
2019,AE,0.0
2020,AE,0.0
2021,AE,0.0
2022,AE,0.0
1995,UK,475509.60000000003
1996,UK,686847.2000000001
1997,UK,158503.2
1998,UK,317006.4
1999,UK,343423.60000000003
2000,UK,369840.8
2001,UK,396258.0
2002,UK,264172.0
2003,UK,396258.0
2004,UK,449092.4
2005,UK,449092.4
2006,UK,528344.0
2007,UK,581178.4
2008,UK,501926.8
2009,UK,581178.4
2010,UK,739681.6
2011,UK,607595.6
2012,UK,211337.6
2013,UK,871767.6
2014,UK,1241608.4000000001
2015,UK,1056688.0
2016,UK,1003853.6
2017,UK,1056688.0
2018,UK,2588885.6
2019,UK,2086958.8
2020,UK,1717118.0
2021,UK,1769952.4000000001
2022,UK,2403965.2
1995,US,493156289.6
1996,US,498677484.40000004
1997,US,581178400.0
1998,US,541658268.8000001
1999,US,503247660.0
2000,US,567969800.0
2001,US,507210240.0
2002,US,536269160.0
2003,US,515135400.0
2004,US,531223474.8
2005,US,604636873.6
2006,US,513550368.0
2007,US,524909764.0
2008,US,510908648.0
2009,US,580253798.0
2010,US,551776056.4
2011,US,530906468.40000004
2012,US,600515790.4
2013,US,675857644.8000001
2014,US,640696351.6
2015,US,602787669.6
2016,US,657814697.2
2017,US,647379903.2
2018,US,688802072.8000001
2019,US,675276466.4
2020,US,600991300.0
2021,US,635862004.0
2022,US,591349022.0
2023,US,641620953.6
1995,UY,22507454.400000002
1996,UY,25439763.6
1997,UY,27156881.6
1998,UY,27738060.0
1999,UY,27738060.0
2000,UY,23881148.8
2001,UY,23062215.6
2002,UY,18861880.8
2003,UY,22190448.0
2004,UY,29745767.2
2005,UY,23141467.2
2006,UY,24805750.8
2007,UY,23352804.8
2008,UY,21028091.2
2009,UY,16378664.0
2010,UY,20314826.8
2011,UY,23801897.2
2012,UY,25413346.400000002
2013,UY,17620272.400000002
2014,UY,17699524.0
2015,UY,17382517.6
2016,UY,19944986.0
2017,UY,20156323.6
2018,UY,19680814.0
2019,UY,15955988.8
2020,UY,18359954.0
2021,UY,19786482.8
2022,UY,19971403.2
2023,UY,13287851.6
1995,UZ,21926276.0
1996,UZ,14529460.0
1997,UZ,17171180.0
1998,UZ,16378664.0
1999,UZ,15586148.0
2000,UZ,10831052.0
2001,UZ,11491482.0
2002,UZ,8876179.200000001
2003,UZ,12099077.6
2004,UZ,9246020.0
2005,UZ,6366545.2
2006,UZ,6102373.2
2007,UZ,6604300.0
2008,UZ,6472214.0
2009,UZ,5574029.2
2010,UZ,5626863.600000001
2011,UZ,9536609.200000001
2012,UZ,9906450.0
2013,UZ,9457357.6
2014,UZ,6683551.600000001
2015,UZ,9113934.0
2016,UZ,7185478.4
2017,UZ,6762803.2
2018,UZ,6049538.8
2019,UZ,5706115.2
2020,UZ,5758949.600000001
2021,UZ,5758949.600000001
2022,UZ,5758949.600000001
1995,NH,0.0
1996,NH,0.0
1997,NH,0.0
1998,NH,0.0
1999,NH,0.0
2000,NH,0.0
2001,NH,0.0
2002,NH,0.0
2003,NH,0.0
2004,NH,0.0
2005,NH,0.0
2006,NH,0.0
2007,NH,0.0
2008,NH,0.0
2009,NH,0.0
2010,NH,0.0
2011,NH,0.0
2012,NH,0.0
2013,NH,0.0
2014,NH,0.0
2015,NH,0.0
2016,NH,0.0
2017,NH,0.0
2018,NH,0.0
2019,NH,0.0
2020,NH,0.0
2021,NH,0.0
2022,NH,0.0
1995,VE,0.0
1996,VE,0.0
1997,VE,0.0
1998,VE,0.0
1999,VE,0.0
2000,VE,0.0
2001,VE,0.0
2002,VE,0.0
2003,VE,0.0
2004,VE,0.0
2005,VE,0.0
2006,VE,0.0
2007,VE,0.0
2008,VE,0.0
2009,VE,0.0
2010,VE,0.0
2011,VE,0.0
2012,VE,0.0
2013,VE,0.0
2014,VE,0.0
2015,VE,0.0
2016,VE,0.0
2017,VE,0.0
2018,VE,0.0
2019,VE,0.0
2020,VE,0.0
2021,VE,0.0
2022,VE,0.0
1995,VM,0.0
1996,VM,0.0
1997,VM,0.0
1998,VM,0.0
1999,VM,0.0
2000,VM,0.0
2001,VM,0.0
2002,VM,0.0
2003,VM,0.0
2004,VM,0.0
2005,VM,0.0
2006,VM,0.0
2007,VM,0.0
2008,VM,0.0
2009,VM,0.0
2010,VM,0.0
2011,VM,0.0
2012,VM,0.0
2013,VM,0.0
2014,VM,0.0
2015,VM,0.0
2016,VM,0.0
2017,VM,0.0
2018,VM,0.0
2019,VM,0.0
2020,VM,0.0
2021,VM,0.0
2022,VM,0.0
1995,VQ,0.0
1996,VQ,0.0
1997,VQ,0.0
1998,VQ,0.0
1999,VQ,0.0
2000,VQ,0.0
2001,VQ,0.0
2002,VQ,0.0
2003,VQ,0.0
2004,VQ,0.0
2005,VQ,0.0
2006,VQ,0.0
2007,VQ,0.0
2008,VQ,0.0
2009,VQ,0.0
2010,VQ,0.0
2011,VQ,0.0
2012,VQ,0.0
2013,VQ,0.0
2014,VQ,0.0
2015,VQ,0.0
2016,VQ,0.0
2017,VQ,0.0
2018,VQ,0.0
2019,VQ,0.0
2020,VQ,0.0
2021,VQ,0.0
2022,VQ,0.0
1995,YM,0.0
1996,YM,0.0
1997,YM,0.0
1998,YM,0.0
1999,YM,0.0
2000,YM,0.0
2001,YM,0.0
2002,YM,0.0
2003,YM,0.0
2004,YM,0.0
2005,YM,0.0
2006,YM,0.0
2007,YM,0.0
2008,YM,0.0
2009,YM,0.0
2010,YM,0.0
2011,YM,0.0
2012,YM,0.0
2013,YM,0.0
2014,YM,0.0
2015,YM,0.0
2016,YM,0.0
2017,YM,0.0
2018,YM,0.0
2019,YM,0.0
2020,YM,0.0
2021,YM,0.0
2022,YM,0.0
1995,ZA,0.0
1996,ZA,0.0
1997,ZA,0.0
1998,ZA,0.0
1999,ZA,0.0
2000,ZA,0.0
2001,ZA,0.0
2002,ZA,0.0
2003,ZA,0.0
2004,ZA,0.0
2005,ZA,0.0
2006,ZA,0.0
2007,ZA,0.0
2008,ZA,0.0
2009,ZA,0.0
2010,ZA,0.0
2011,ZA,0.0
2012,ZA,0.0
2013,ZA,0.0
2014,ZA,0.0
2015,ZA,0.0
2016,ZA,0.0
2017,ZA,0.0
2018,ZA,0.0
2019,ZA,0.0
2020,ZA,0.0
2021,ZA,0.0
2022,ZA,0.0
1995,ZI,396258.0
1996,ZI,396258.0
1997,ZI,422675.2
1998,ZI,422675.2
1999,ZI,422675.2
2000,ZI,422675.2
2001,ZI,422675.2
2002,ZI,422675.2
2003,ZI,422675.2
2004,ZI,422675.2
2005,ZI,554761.2000000001
2006,ZI,634012.8
2007,ZI,475509.60000000003
2008,ZI,475509.60000000003
2009,ZI,475509.60000000003
2010,ZI,475509.60000000003
2011,ZI,475509.60000000003
2012,ZI,475509.60000000003
2013,ZI,475509.60000000003
2014,ZI,528344.0
2015,ZI,607595.6
2016,ZI,554761.2000000001
2017,ZI,581178.4
2018,ZI,528344.0
2019,ZI,369840.8
2020,ZI,369840.8
2021,ZI,369840.8
2022,ZI,369840.8
